ชื่อสารเคมี (Substance),เลข CAS No.,ค่า TLV-TWA,หน่วย TWA,ค่า TLV-STEL/C,หน่วย STEL/C,หมายเหตุ (Notation - ขยายความแล้ว),ผลกระทบต่อสุขภาพ (TLV Basis),อวัยวะที่ได้รับผลกระทบ (Target Organs),รายการตรวจวัดทางชีวภาพ (Biological Determinant),สิ่งส่งตรวจ (Specimen),เวลาเก็บตัวอย่าง (Sampling Time),ค่าขีดจำกัดชีวภาพ (BEI Value),หน่วย BEI,คำแนะนำการตรวจสุขภาพ (Medical Surveillance)
Acetaldehyde,75-07-0,—,—,C,—,A2 (Suspected Human Carcinogen),Eye & URT Irritation,"ดวงตา, ทางเดินหายใจส่วนบน",,,,,,Spirometry (สมรรถภาพปอด)
Acetamide,60-35-5,1,ppm,IFV,—,A3 (Animal Carcinogen),Liver cancer & Damage,ตับ,,,,,,LFT (การทำงานของตับ)
Acetamiprid,135410-20-7,0.05,(IFV),—,—,A4 (Not Classifiable),"Steatosis; neurodevelopment, immune system, & CNS Impairment; male repro system Damage; repro Effects","ระบบประสาทส่วนกลาง, ระบบประสาท, ระบบสืบพันธุ์",,,,,,Physical Examination (ตรวจร่างกายทั่วไป)
Acetic acid,64-19-7,10,ppm,15,ppm,—,URT & eye Irritation; Pulmonary Function,"ดวงตา, ทางเดินหายใจส่วนบน, ปอด",,,,,,Spirometry (สมรรถภาพปอด)
Acetic anhydride,108-24-7,1,ppm,3,ppm,A4 (Not Classifiable),Eye & URT Irritation,"ดวงตา, ทางเดินหายใจส่วนบน",,,,,,Spirometry (สมรรถภาพปอด)
Acetone,67-64-1,250,ppm,500,ppm,A4 (Not Classifiable) | BEI (BEI available),URT & eye Irritation; CNS Impairment,"ดวงตา, ทางเดินหายใจส่วนบน, ระบบประสาทส่วนกลาง",Acetone in urine,Urine,End of shift,25,mg/L,"Spirometry (สมรรถภาพปอด), Biological Monitoring (ตรวจสารชีวภาพ BEI)"
Acetone cyanohydrin (as CN),75-86-5,—,—,C,—,Skin (Danger of cutaneous absorption),URT Irritation; headache; hypoxia/cyanosis,ทางเดินหายใจส่วนบน,,,,,,Spirometry (สมรรถภาพปอด)
Acetonitrile,75-05-8,20,ppm,—,—,Skin (Danger of cutaneous absorption) | A4 (Not Classifiable) | LRT | irr | Acetophenone,URT Irritation; CNS Impairment; pregnancy loss,"ทางเดินหายใจส่วนบน, ระบบประสาทส่วนกลาง",,,,,,Spirometry (สมรรถภาพปอด)
Acetylene,74-86-2,—,—,—,—,See | Appendix | F: | Minimal | Oxygen | Content | EX,Asphyxia,—,,,,,,Physical Examination (ตรวจร่างกายทั่วไป)
Acetylsalicylic acid (aspirin),50-78-2,0.3,mg/m3,—,—,Skin (Danger of cutaneous absorption) | RSEN (Respiratory Sensitizer) | OTO (Ototoxicant) | A4 (Not Classifiable),Bleeding; resp Sensitization,—,,,,,,"Spirometry (สมรรถภาพปอด), Audiometry (สมรรถภาพการได้ยิน)"
Acrolein,107-02-8,—,—,C,—,Skin (Danger of cutaneous absorption) | A3 (Animal Carcinogen),Eye Irritation,ดวงตา,,,,,,Physical Examination (ตรวจร่างกายทั่วไป)
Acrylamide,79-06-1,0.03,mg/m3,IFV,—,Skin (Danger of cutaneous absorption) | DSEN (Dermal Sensitizer) | A2 (Suspected Human Carcinogen) | BEI (BEI available),CNS & PNS Impairment; cancer TLV–CS 12 — Adopted Values,"ระบบประสาทส่วนกลาง, ระบบประสาทส่วนปลาย",N-(2-Carbamoylethyl)valine (CbEV) in blood | S-(2-Carbamoylethyl)mercapturic acid (AAMA) in urine,Blood | Urine,Not critical | End of shift,500 | 800,pmol/g | μg/g,Biological Monitoring (ตรวจสารชีวภาพ BEI)
Acrylic acid,79-10-7,2,ppm,—,—,Skin (Danger of cutaneous absorption) | A4 (Not Classifiable),URT Irritation,ทางเดินหายใจส่วนบน,,,,,,Spirometry (สมรรถภาพปอด)
Acrylonitrile,107-13-1,2,ppm,—,—,Skin (Danger of cutaneous absorption) | A3 (Animal Carcinogen),CNS Impairment; LRT Irritation,"ทางเดินหายใจส่วนล่าง, ระบบประสาทส่วนกลาง",,,,,,Spirometry (สมรรถภาพปอด)
Adipic acid,124-04-9,5,mg/m3,—,—,—,"Eye, skin, URT Irritation; ANS Impairment","ดวงตา, ผิวหนัง, ทางเดินหายใจส่วนบน",,,,,,Spirometry (สมรรถภาพปอด)
Adiponitrile,111-69-3,2,ppm,—,—,Skin (Danger of cutaneous absorption),URT & LRT Irritation,"ทางเดินหายใจส่วนบน, ทางเดินหายใจส่วนล่าง",,,,,,Spirometry (สมรรถภาพปอด)
Alachlor,15972-60-8,1,mg/m3,IFV,—,DSEN (Dermal Sensitizer) | A3 (Animal Carcinogen),"Hemosiderosis (liver, spleen, kidney)","ตับ, ไต",,,,,,"CBC (ความสมบูรณ์ของเม็ดเลือด), LFT (การทำงานของตับ), BUN/Cr (การทำงานของไต)"
Aldicarb,116-06-3,0.005,mg/m3,IFV,—,Skin (Danger of cutaneous absorption) | A4 (Not Classifiable) | BEI (BEI available),Cholinesterase Inhibition,—,,,,,,Physical Examination (ตรวจร่างกายทั่วไป)
Aldrin,309-00-2,0.05,mg/m3,IFV,—,Skin (Danger of cutaneous absorption) | A3 (Animal Carcinogen),CNS Impairment; liver & kidney Damage,"ตับ, ไต, ระบบประสาทส่วนกลาง",,,,,,"LFT (การทำงานของตับ), BUN/Cr (การทำงานของไต)"
Allyl alcohol,107-18-6,0.5,ppm,—,—,Skin (Danger of cutaneous absorption) | A4 (Not Classifiable),Eye & URT Irritation,"ดวงตา, ทางเดินหายใจส่วนบน",,,,,,Spirometry (สมรรถภาพปอด)
Allyl bromide,106-95-6,0.1,ppm,0.2,ppm,Skin (Danger of cutaneous absorption) | A4 (Not Classifiable),Eye & URT Irritation,"ดวงตา, ทางเดินหายใจส่วนบน",,,,,,Spirometry (สมรรถภาพปอด)
Allyl chloride,107-05-1,1,ppm,2,ppm,Skin (Danger of cutaneous absorption) | A3 (Animal Carcinogen),Eye & URT Irritation; liver & kidney Damage,"ดวงตา, ทางเดินหายใจส่วนบน, ตับ, ไต",,,,,,"Spirometry (สมรรถภาพปอด), LFT (การทำงานของตับ), BUN/Cr (การทำงานของไต)"
Allyl glycidyl ether,106-92-3,1,ppm,—,—,A4 (Not Classifiable),"URT, eye, & skin Irritation; dermatitis","ดวงตา, ผิวหนัง, ทางเดินหายใจส่วนบน",,,,,,Spirometry (สมรรถภาพปอด)
Allyl methacrylate,96-05-9,1,ppm,—,—,Skin (Danger of cutaneous absorption),Liver Damage,ตับ,,,,,,LFT (การทำงานของตับ)
Allyl propyl disulﬁ de,2179-59-1,0.5,ppm,—,—,DSEN (Dermal Sensitizer),URT & eye Irritation,"ดวงตา, ทางเดินหายใจส่วนบน",,,,,,Spirometry (สมรรถภาพปอด)
Aluminum metal,7429-90-5,1,mg/m3,R,—,and | insoluble | compounds | A4 (Not Classifiable),Varies Pneumoconiosis; LRT Irritation; neuro- toxicity,"ทางเดินหายใจส่วนล่าง, ระบบประสาท",,,,,,"CXR (เอกซเรย์ปอด), Spirometry (สมรรถภาพปอด)"
4-Aminodiphenyl,92-67-1,—,—,—,—,Skin (Danger of cutaneous absorption) | A1 (Confirmed Human Carcinogen),Bladder & liver cancer TLV–CS,ตับ,,,,,,LFT (การทำงานของตับ)
2-Aminopyridine,504-29-0,0.5,ppm,—,—,—,Headache; nausea; CNS Impairment; dizziness,ระบบประสาทส่วนกลาง,,,,,,Physical Examination (ตรวจร่างกายทั่วไป)
Amitrole,61-82-5,0.2,mg/m3,—,—,A3 (Animal Carcinogen),Thyroid Effects,ต่อมไทรอยด์,,,,,,Physical Examination (ตรวจร่างกายทั่วไป)
Ammonia,7664-41-7,25,ppm,35,ppm,—,Eye Damage; URT Irritation,"ดวงตา, ทางเดินหายใจส่วนบน",,,,,,Spirometry (สมรรถภาพปอด)
"Ammonium chloride, fume",12125-02-9,10,mg/m3,20,mg/m3,—,Eye & URT Irritation,"ดวงตา, ทางเดินหายใจส่วนบน",,,,,,Spirometry (สมรรถภาพปอด)
Ammonium perﬂ uorooctanoate,3825-26-1,0.01,mg/m3,—,—,Skin (Danger of cutaneous absorption) | A3 (Animal Carcinogen),Liver Damage,ตับ,,,,,,LFT (การทำงานของตับ)
Ammonium sulfamate,7773-06-0,10,mg/m3,—,—,—,—,—,,,,,,Physical Examination (ตรวจร่างกายทั่วไป)
tert-Amyl methyl ether,994-05-8,20,ppm,—,—,—,CNS Impairment; embryo/fetal Damage,ระบบประสาทส่วนกลาง,,,,,,Physical Examination (ตรวจร่างกายทั่วไป)
Aniline,62-53-3,ppm,—,—,—,Skin (Danger of cutaneous absorption) | A3 (Animal Carcinogen) | BEI (BEI available),Methemoglobinemia Anisidine (2002),—,Aniline in urine,Urine,End of shift,0.5,mg/L,"CBC (ความสมบูรณ์ของเม็ดเลือด), Biological Monitoring (ตรวจสารชีวภาพ BEI)"
ortho isomer,90-04-0,0.5,mg/m3,—,—,Skin (Danger of cutaneous absorption) | A3 (Animal Carcinogen) | BEI (BEI available),Methemoglobinemia,—,,,,,,CBC (ความสมบูรณ์ของเม็ดเลือด)
para isomer,104-94-9,0.5,mg/m3,—,—,Skin (Danger of cutaneous absorption) | A4 (Not Classifiable) | BEI (BEI available),Methemoglobinemia,—,,,,,,CBC (ความสมบูรณ์ของเม็ดเลือด)
Antimony (as Sb),7440-36-0,0.5,mg/m3,—,—,—,Skin & URT Irritation,"ผิวหนัง, ทางเดินหายใจส่วนบน",,,,,,Spirometry (สมรรถภาพปอด)
Antimony hydride,7803-52-3,0.005,ppm,—,—,—,"Hemolysis, hemotologic effects",ระบบทางเดินอาหาร,,,,,,CBC (ความสมบูรณ์ของเม็ดเลือด)
Antimony trioxide,1309-64-4,0.02,mg/m3,I,—,A2 (Suspected Human Carcinogen),Pneumonitis TLV–CS 14 — Adopted Values,—,,,,,,Physical Examination (ตรวจร่างกายทั่วไป)
ANTU,86-88-4,0.3,mg/m3,—,—,A4 (Not Classifiable) | Skin (Danger of cutaneous absorption),Thyroid Effects; nausea,ต่อมไทรอยด์,,,,,,Physical Examination (ตรวจร่างกายทั่วไป)
Argon,7440-37-1,—,—,—,—,See | Appendix | F: | Minimal | Oxygen | Content,Asphyxia,—,,,,,,Physical Examination (ตรวจร่างกายทั่วไป)
Arsenic (as As),7440-38-2,0.01,mg/m3,—,—,A1 (Confirmed Human Carcinogen) | BEI (BEI available),Varies Lung cancer,ปอด,Inorganic arsenic plus methylated metabolites in urine,Urine,End of shift,at,end,"CXR (เอกซเรย์ปอด), Biological Monitoring (ตรวจสารชีวภาพ BEI)"
Arsine,7784-42-1,0.005,ppm,—,—,—,PNS & vascular system Impairment; kidney & liver Impairment,"ตับ, ไต, ระบบประสาทส่วนปลาย",,,,,,"LFT (การทำงานของตับ), BUN/Cr (การทำงานของไต)"
Asbestos,1332-21-4,—,—,—,—,all | forms,f/cc (F) — A1 — Pneumoconiosis; lung cancer; mesothelioma,ปอด,,,,,,CXR (เอกซเรย์ปอด)
Asphalt (Bitumen) fumes (as ben),8052-42-4,—,—,—,—,zene-soluble | aerosol,mg/m3 (I) — A4; BEI P — URT & eye Irritation,"ดวงตา, ทางเดินหายใจส่วนบน",,,,,,Spirometry (สมรรถภาพปอด)
Atrazine,1912-24-9,2,mg/m3,I,—,A3 (Animal Carcinogen),"Hematologic, repro, & develop- mental Effects","ระบบสืบพันธุ์, ระบบทางเดินอาหาร",,,,,,Physical Examination (ตรวจร่างกายทั่วไป)
Azinphos-methyl,86-50-0,0.2,mg/m3,IFV,—,Skin (Danger of cutaneous absorption) | DSEN (Dermal Sensitizer) | A4 (Not Classifiable) | BEIC,Cholinesterase Inhibition,—,,,,,,Physical Examination (ตรวจร่างกายทั่วไป)
Barium (as Ba),7440-39-3,0.5,mg/m3,—,—,A4 (Not Classifiable),"Eye, skin, & GI Irritation; muscular stimulation","ดวงตา, ผิวหนัง, ระบบทางเดินอาหาร",,,,,,Physical Examination (ตรวจร่างกายทั่วไป)
Barium sulfate,7727-43-7,5,mg/m3,—,—,—,Pneumoconiosis,—,,,,,,CXR (เอกซเรย์ปอด)
Bendiocarb,22781-23-3,0.1,mg/m3,IFV,—,Skin (Danger of cutaneous absorption) | A4 (Not Classifiable) | BEI (BEI available),Cholinesterase Inhibition TLV–CS,—,,,,,,Physical Examination (ตรวจร่างกายทั่วไป)
Benomyl,17804-35-2,1,mg/m3,I,—,DSEN (Dermal Sensitizer) | A3 (Animal Carcinogen),"URT Irritation; male repro, testicular, & embryo/fetal Damage","ทางเดินหายใจส่วนบน, ระบบสืบพันธุ์, อัณฑะ",,,,,,Spirometry (สมรรถภาพปอด)
Bensulide,741-58-2,0.1,mg/m3,IFV,—,A4 (Not Classifiable) | BEI (BEI available),Cholinesterase Inhibition; liver Damage,ตับ,,,,,,LFT (การทำงานของตับ)
Benzene,71-43-2,0.02,ppm,—,—,Skin (Danger of cutaneous absorption) | A1 (Confirmed Human Carcinogen) | BEI (BEI available),Myelodysplastic syndrome; acute myeloid leukemia; leukemia; hema- tologic Effects; chromosomal Damage,ระบบทางเดินอาหาร,"S-Phenylmercapturic acid in urine | t,t-Muconic acid in urine",Urine | Urine,End of shift | End of shift,25 | 500,μg/g | μg/g,"CBC (ความสมบูรณ์ของเม็ดเลือด), Biological Monitoring (ตรวจสารชีวภาพ BEI)"
Benzidine,92-87-5,—,—,—,—,Skin (Danger of cutaneous absorption) | A1 (Confirmed Human Carcinogen),Bladder cancer,—,,,,,,Physical Examination (ตรวจร่างกายทั่วไป)
Benzoic acid,65-85-0,—,—,—,—,—,mg/m3 (IFV) — Skin; A5 122.12,ผิวหนัง,,,,,,Physical Examination (ตรวจร่างกายทั่วไป)
"Sodium benzoate, as benzoate",532-32-1,2.5,mg/m3,I,—,Skin (Danger of cutaneous absorption) | A5 (Not Suspected),Kidney changes,ไต,,,,,,BUN/Cr (การทำงานของไต)
"Potassium benzoate, as benzoate",582-25-2,2.5,mg/m3,I,—,Skin (Danger of cutaneous absorption) | A5 (Not Suspected),Kidney changes,ไต,,,,,,BUN/Cr (การทำงานของไต)
Benzoquinone,106-51-4,0.1,ppm,0.005,—,SL | DSEN (Dermal Sensitizer) | A4 (Not Classifiable),Eye & URT Irritation; ocular Effects TLV–CS 16 — Adopted Values,"ดวงตา, ทางเดินหายใจส่วนบน",,,,,,Spirometry (สมรรถภาพปอด)
Benzotrichloride,98-07-7,—,—,C,—,Skin (Danger of cutaneous absorption) | A2 (Suspected Human Carcinogen),"Eye, skin, & URT Irritation","ดวงตา, ผิวหนัง, ทางเดินหายใจส่วนบน",,,,,,Spirometry (สมรรถภาพปอด)
Benzoyl chloride,98-88-4,—,—,C,—,A4 (Not Classifiable),URT & eye Irritation,"ดวงตา, ทางเดินหายใจส่วนบน",,,,,,Spirometry (สมรรถภาพปอด)
Benzoyl peroxide,94-36-0,5,mg/m3,—,—,A4 (Not Classifiable),URT & skin Irritation,"ผิวหนัง, ทางเดินหายใจส่วนบน",,,,,,Spirometry (สมรรถภาพปอด)
Benzyl acetate,140-11-4,10,ppm,—,—,A4 (Not Classifiable),URT Irritation,ทางเดินหายใจส่วนบน,,,,,,Spirometry (สมรรถภาพปอด)
Benzyl chloride,100-44-7,1,ppm,—,—,A3 (Animal Carcinogen),"Eye, skin, & URT Irritation","ดวงตา, ผิวหนัง, ทางเดินหายใจส่วนบน",,,,,,Spirometry (สมรรถภาพปอด)
Beryllium (as Be),7440-41-7,0.00005,mg/m3,I,—,A1 (Confirmed Human Carcinogen),Beryllium Sensitization; chronic beryllium disease (berylliosis) Soluble compounds Skin; DSEN Soluble and insoluble compounds RSEN,ผิวหนัง,,,,,,Physical Examination (ตรวจร่างกายทั่วไป)
Biphenyl,92-52-4,0.2,ppm,—,—,—,Pulm Function,ปอด,,,,,,Spirometry (สมรรถภาพปอด)
Bismuth telluride (as Bi),1304-82-1,10,mg/m3,—,—,A4 (Not Classifiable),"Lung Damage Se-doped, as Bi2Te3 5 mg/m3 —A 4 Borate compounds, inorganic [1303-96-4; 1330-43-4; 10043-35-3; 12179-04-3] (2005) 2 mg/m3 (I) 6 mg/m3 (I) A4 Varies URT Irritation","ทางเดินหายใจส่วนบน, ปอด",,,,,,Spirometry (สมรรถภาพปอด)
Boron oxide,1303-86-2,10,mg/m3,—,—,—,Eye & URT Irritation TLV–CS,"ดวงตา, ทางเดินหายใจส่วนบน",,,,,,Spirometry (สมรรถภาพปอด)
Boron tribromide,10294-33-4,—,—,C,—,—,Resp tract Irritation; pneumonitis,—,,,,,,Physical Examination (ตรวจร่างกายทั่วไป)
Boron trichloride,10294-34-5,—,—,C,—,—,Resp tract Irritation; pneumonitis,—,,,,,,Physical Examination (ตรวจร่างกายทั่วไป)
Boron triﬂ uoride,7637-07-2,0.1,ppm,C,—,—,Resp tract Irritation; pneumonitis,—,,,,,,Physical Examination (ตรวจร่างกายทั่วไป)
Boron triﬂ uoride ethers (as BF),109-63-7; 353-42-4,3,—,0.1,ppm,—,ppm — Varies Resp tract Irritation; pneumonitis,—,,,,,,Physical Examination (ตรวจร่างกายทั่วไป)
Bromacil,314-40-9,10,mg/m3,—,—,A3 (Animal Carcinogen),Thyroid Effects,ต่อมไทรอยด์,,,,,,Physical Examination (ตรวจร่างกายทั่วไป)
Bromine,7726-95-6,0.1,ppm,0.2,ppm,—,URT & LRT Irritation; lung Damage,"ทางเดินหายใจส่วนบน, ทางเดินหายใจส่วนล่าง, ปอด",,,,,,Spirometry (สมรรถภาพปอด)
Bromine pentaﬂ uoride,7789-30-2,0.1,ppm,—,—,—,"Eye, skin, & URT Irritation","ดวงตา, ผิวหนัง, ทางเดินหายใจส่วนบน",,,,,,Spirometry (สมรรถภาพปอด)
Bromoform,75-25-2,0.5,ppm,—,—,A3 (Animal Carcinogen),Liver Damage; URT & eye Irritation,"ดวงตา, ทางเดินหายใจส่วนบน, ตับ",,,,,,"Spirometry (สมรรถภาพปอด), LFT (การทำงานของตับ)"
1-Bromopropane,106-94-5,0.1,ppm,—,—,A3 (Animal Carcinogen),CNS Impairment; peripheral neuropathy; hematological Effects; developmental & repro toxicity (male & female),"ระบบประสาทส่วนกลาง, ระบบประสาท, ระบบสืบพันธุ์, ระบบทางเดินอาหาร",,,,,,Physical Examination (ตรวจร่างกายทั่วไป)
Buprofezin,69327-76-0,0.5,mg/m3,IFV,—,DSEN (Dermal Sensitizer) | A4 (Not Classifiable),Liver & thyroid Effects,"ตับ, ต่อมไทรอยด์",,,,,,LFT (การทำงานของตับ)
"1,3-Butadiene",106-99-0,2,ppm,—,—,A2 (Suspected Human Carcinogen) | BEI (BEI available),Cancer,—,"1,2 Dihydroxy-4-(N-acetylcysteinyl)-butane in urine | ",Urine | อื่นๆ,End of shift | Not critical,2.5 | 2.5,mg/L | pmol/g,Biological Monitoring (ตรวจสารชีวภาพ BEI)
"Butane, isomers",75-28-5; 106-97-8,—,ppm,EX,—,—,CNS Impairment,ระบบประสาทส่วนกลาง,,,,,,Physical Examination (ตรวจร่างกายทั่วไป)
n-Butanol,71-36-3,20,ppm,—,—,—,Eye & URT Irritation TLV–CS 18 — Adopted Values,"ดวงตา, ทางเดินหายใจส่วนบน",,,,,,Spirometry (สมรรถภาพปอด)
sec-Butanol,78-92-2,100,ppm,—,—,—,URT Irritation; CNS Impairment,"ทางเดินหายใจส่วนบน, ระบบประสาทส่วนกลาง",,,,,,Spirometry (สมรรถภาพปอด)
tert-Butanol,75-65-0,100,ppm,—,—,A4 (Not Classifiable) | CNS | impair | Butenes | all | isomers,Body weight Effects,—,,,,,,Physical Examination (ตรวจร่างกายทั่วไป)
Isobutene,115-11-7,—,—,—,—,—,250 ppm — A4 — URT Irritation; body weight Effects,ทางเดินหายใจส่วนบน,,,,,,Spirometry (สมรรถภาพปอด)
2-Butoxyethanol,111-76-2,20,ppm,—,—,A3 (Animal Carcinogen) | BEI (BEI available),Eye & URT Irritation,"ดวงตา, ทางเดินหายใจส่วนบน",Butoxyacetic acid (BAA) in urine,Urine,End of shift,200,mg/g,"Spirometry (สมรรถภาพปอด), Biological Monitoring (ตรวจสารชีวภาพ BEI)"
2-Butoxyethyl acetate,112-07-2,20,ppm,—,—,A3 (Animal Carcinogen) | Hemolysis | Butyl | acetates | all | isomers,Eye & URT Irritation,"ดวงตา, ทางเดินหายใจส่วนบน",,,,,,Spirometry (สมรรถภาพปอด)
Butylated hydroxytoluene,128-37-0,2,mg/m3,IFV,—,A4 (Not Classifiable),URT Irritation,ทางเดินหายใจส่วนบน,,,,,,Spirometry (สมรรถภาพปอด)
n-Butyl acrylate,141-32-2,2,ppm,—,—,DSEN (Dermal Sensitizer) | A4 (Not Classifiable),Irr,—,,,,,,Physical Examination (ตรวจร่างกายทั่วไป)
n-Butylamine,109-73-9,—,—,C,—,Skin (Danger of cutaneous absorption),Headache; URT & eye Irritation,"ดวงตา, ทางเดินหายใจส่วนบน",,,,,,Spirometry (สมรรถภาพปอด)
n-Butyl glycidyl ether,2426-08-6,3,ppm,—,—,Skin (Danger of cutaneous absorption) | DSEN (Dermal Sensitizer),Reproduction; Sensitization,ระบบสืบพันธุ์,,,,,,Physical Examination (ตรวจร่างกายทั่วไป)
n-Butyl lactate,138-22-7,5,ppm,—,—,—,Headache; URT Irritation,ทางเดินหายใจส่วนบน,,,,,,Spirometry (สมรรถภาพปอด)
n-Butyl mercaptan,109-79-5,0.5,ppm,—,—,—,URT Irritation,ทางเดินหายใจส่วนบน,,,,,,Spirometry (สมรรถภาพปอด)
o-sec-Butylphenol,89-72-5,5,ppm,—,—,Skin (Danger of cutaneous absorption),"URT, eye, & skin Irritation TLV–CS","ดวงตา, ผิวหนัง, ทางเดินหายใจส่วนบน",,,,,,Spirometry (สมรรถภาพปอด)
p-tert-Butyltoluene,98-51-1,1,ppm,—,—,—,Eye & URT Irritation; nausea,"ดวงตา, ทางเดินหายใจส่วนบน",,,,,,Spirometry (สมรรถภาพปอด)
4-tert-Butylbenzoic acid,98-73-7,0.1,mg/m3,IFV,—,Skin (Danger of cutaneous absorption),T esticular Damage; CNS & male repro Effects,"ระบบประสาทส่วนกลาง, ระบบสืบพันธุ์",,,,,,Physical Examination (ตรวจร่างกายทั่วไป)
"tert-Butyl chromate, as CrO3",1189-85-1,—,—,C,—,Skin (Danger of cutaneous absorption),LRT & skin Irritation,"ผิวหนัง, ทางเดินหายใจส่วนล่าง",,,,,,Spirometry (สมรรถภาพปอด)
tert-Butyl hydroperoxide,75-91-2,0.1,ppm,—,—,A2 (Suspected Human Carcinogen),"URT, LRT, & eye Damage; nasal cancer","ดวงตา, ทางเดินหายใจส่วนบน, ทางเดินหายใจส่วนล่าง",,,,,,Spirometry (สมรรถภาพปอด)
Cadmium (as Cd),7440-43-9,—,—,—,—,—,mg/m3 (R) — Varies,—,Cadmium in urine | Cadmium in blood,Urine | Blood,Not critical | Not critical,5 | 5,μg/g | μg/L,Biological Monitoring (ตรวจสารชีวภาพ BEI)
Cadusafos,95465-99-9,0.001,mg/m3,IFV,—,Skin (Danger of cutaneous absorption) | A4 (Not Classifiable) | BEI (BEI available),Cholinesterase Inhibition,—,,,,,,Physical Examination (ตรวจร่างกายทั่วไป)
Calcium cyanamide,156-62-7,0.5,mg/m3,—,—,A4 (Not Classifiable),Eye & URT Irritation,"ดวงตา, ทางเดินหายใจส่วนบน",,,,,,Spirometry (สมรรถภาพปอด)
Calcium hydroxide,1305-62-0,5,mg/m3,—,—,—,"Eye, URT, & skin Irritation","ดวงตา, ผิวหนัง, ทางเดินหายใจส่วนบน",,,,,,Spirometry (สมรรถภาพปอด)
Calcium oxide,1305-78-8,2,mg/m3,—,—,—,"URT Irritation Calcium silicate, naturally occurring as Wol-",ทางเดินหายใจส่วนบน,,,,,,Spirometry (สมรรถภาพปอด)
lastonite,13983-17-0,1,mg/m3,—,—,A4 (Not Classifiable) | Pneumoconiosis | pulm | func | Calcium | sulfate,Nasal symptoms,—,,,,,,Physical Examination (ตรวจร่างกายทั่วไป)
"Camphor, synthetic",76-22-2,2,ppm,3,ppm,A4 (Not Classifiable),Eye & URT Irritation; anosmia,"ดวงตา, ทางเดินหายใจส่วนบน",,,,,,Spirometry (สมรรถภาพปอด)
Caprolactam,105-60-2,5,mg/m3,IFV,—,A5 (Not Suspected),URT Irritation TLV–CS 20 — Adopted Values,ทางเดินหายใจส่วนบน,,,,,,Spirometry (สมรรถภาพปอด)
Captafol,2425-06-1,0.1,mg/m3,IFV,—,SL | DSEN (Dermal Sensitizer) | RSEN (Respiratory Sensitizer) | A3 (Animal Carcinogen),Liver & kidney Damage; resp & dermal Sensitization,"ตับ, ไต",,,,,,"Spirometry (สมรรถภาพปอด), LFT (การทำงานของตับ), BUN/Cr (การทำงานของไต)"
Captan,133-06-2,5,mg/m3,I,—,DSEN (Dermal Sensitizer) | A3 (Animal Carcinogen),Skin Irritation,ผิวหนัง,,,,,,Physical Examination (ตรวจร่างกายทั่วไป)
Carbaryl,63-25-2,0.5,mg/m3,IFV,—,Skin (Danger of cutaneous absorption) | A4 (Not Classifiable) | BEI (BEI available),Cholinesterase Inhibition; male repro & embryo Damage,ระบบสืบพันธุ์,,,,,,Physical Examination (ตรวจร่างกายทั่วไป)
Carbofuran,1563-66-2,0.1,mg/m3,IFV,—,A4 (Not Classifiable) | BEI (BEI available),Cholinesterase Inhibition,—,,,,,,Physical Examination (ตรวจร่างกายทั่วไป)
Carbon black,1333-86-4,—,—,—,—,—,3 mg/m3 (I) — A3 — Bronchitis,—,,,,,,Physical Examination (ตรวจร่างกายทั่วไป)
Carbon dioxide,124-38-9,ppm,ppm,—,—,Asphyxia | Carbon | disulﬁ | de | Skin (Danger of cutaneous absorption) | A4 (Not Classifiable) | BEI (BEI available),PNS Impairment,ระบบประสาทส่วนปลาย,,,,,,Physical Examination (ตรวจร่างกายทั่วไป)
Carbon monoxide,630-08-0,ppm,—,—,—,BEI (BEI available),COHb-emia ( ),—,Carboxyhemoglobin in blood | Carbon monoxide in end-exhaled air,Blood | อื่นๆ,End of shift | End of shift,3.5% | 20,of | ppm,Biological Monitoring (ตรวจสารชีวภาพ BEI)
Carbon tetrabromide,558-13-4,0.1,ppm,0.3,ppm,—,"Liver Damage; eye, URT, & skin Irritation","ดวงตา, ผิวหนัง, ทางเดินหายใจส่วนบน, ตับ",,,,,,"Spirometry (สมรรถภาพปอด), LFT (การทำงานของตับ)"
Carbon tetrachloride,56-23-5,5,ppm,10,ppm,Skin (Danger of cutaneous absorption) | A2 (Suspected Human Carcinogen),Liver Damage,ตับ,,,,,,LFT (การทำงานของตับ)
Carbonyl ﬂ uoride,353-50-4,2,ppm,5,ppm,—,LRT Irritation; bone Damage,ทางเดินหายใจส่วนล่าง,,,,,,Spirometry (สมรรถภาพปอด)
Carbonyl sulﬁ de,463-58-1,5,ppm,—,—,—,CNS Impairment,ระบบประสาทส่วนกลาง,,,,,,Physical Examination (ตรวจร่างกายทั่วไป)
Carfentrazone-ethyl,128639-02-1,1,mg/m3,I,—,A4 (Not Classifiable),Liver Damage; porphyrin Effects,ตับ,,,,,,LFT (การทำงานของตับ)
Catechol,120-80-9,5,ppm,—,—,Skin (Danger of cutaneous absorption) | A3 (Animal Carcinogen),Eye & URT Irritation; dermatitis TLV–CS,"ดวงตา, ทางเดินหายใจส่วนบน",,,,,,Spirometry (สมรรถภาพปอด)
Cellulose,9004-34-6,—,—,—,—,—,10 mg/m3 — — NA URT Irritation,ทางเดินหายใจส่วนบน,,,,,,Spirometry (สมรรถภาพปอด)
Cesium hydroxide,21351-79-1,2,mg/m3,—,—,—,"URT, skin, & eye Irritation","ดวงตา, ผิวหนัง, ทางเดินหายใจส่วนบน",,,,,,Spirometry (สมรรถภาพปอด)
Chlordane,57-74-9,0.5,mg/m3,IFV,—,Skin (Danger of cutaneous absorption) | A3 (Animal Carcinogen),Liver Damage,ตับ,,,,,,LFT (การทำงานของตับ)
Chlorinated camphene,8001-35-2,0.5,mg/m3,1,mg/m3,Skin (Danger of cutaneous absorption) | A3 (Animal Carcinogen),CNS convul; liver Damage,"ตับ, ระบบประสาทส่วนกลาง",,,,,,LFT (การทำงานของตับ)
Chlorinated diphenyl oxide,31242-93-0,0.5,mg/m3,—,—,—,Chloracne; liver Damage,ตับ,,,,,,LFT (การทำงานของตับ)
Chlorine,7782-50-5,0.1,ppm,0.4,ppm,A4 (Not Classifiable),Resp tract Irritation; airway hyperreactivity; Pulmonary edema,ปอด,,,,,,Spirometry (สมรรถภาพปอด)
Chlorine dioxide,10049-04-4,—,—,C,—,—,Resp tract Irritation; Pulmonary edema,ปอด,,,,,,Spirometry (สมรรถภาพปอด)
Chlorine triﬂ uoride,7790-91-2,—,—,C,—,—,Eye & URT Irritation; lung Damage,"ดวงตา, ทางเดินหายใจส่วนบน, ปอด",,,,,,Spirometry (สมรรถภาพปอด)
Chloroacetaldehyde,107-20-0,—,—,C,—,—,URT & eye Irritation,"ดวงตา, ทางเดินหายใจส่วนบน",,,,,,Spirometry (สมรรถภาพปอด)
Chloroacetone,78-95-5,—,—,C,—,Skin (Danger of cutaneous absorption),Eye & URT Irritation,"ดวงตา, ทางเดินหายใจส่วนบน",,,,,,Spirometry (สมรรถภาพปอด)
2-Chloroacetophenone,532-27-4,0.05,ppm,—,—,A4 (Not Classifiable),"Eye, URT, & skin Irritation","ดวงตา, ผิวหนัง, ทางเดินหายใจส่วนบน",,,,,,Spirometry (สมรรถภาพปอด)
Chloroacetyl chloride,79-04-9,0.05,ppm,0.15,ppm,Skin (Danger of cutaneous absorption),"URT Irritation * p-Chloro-alpha,alpha,alpha-triﬂ uorotoluene",ทางเดินหายใจส่วนบน,,,,,,Spirometry (สมรรถภาพปอด)
,98-56-6,0.5,ppm,20,—,SL | DSEN (Dermal Sensitizer) | A3 (Animal Carcinogen),Pulm ﬁ brosis; liver Damage,"ปอด, ตับ",,,,,,"Spirometry (สมรรถภาพปอด), LFT (การทำงานของตับ)"
Chlorobenzene,108-90-7,10,ppm,—,—,A3 (Animal Carcinogen) | BEI (BEI available),Liver Damage TLV–CS 22 — Adopted Values o-Chlorobenzylidene malononitrile,ตับ,4-Chlorocatechol in urine | p-Chlorophenol in urine | Acetylcholinesterase activity in red blood cells | Butyrylcholinesterase activity in serum or plasma,Urine | Urine | Blood | อื่นๆ,End of shift | End of shift | End of shift | End of shift,at | at | 70% | 60%,end | end | of | of,"LFT (การทำงานของตับ), Biological Monitoring (ตรวจสารชีวภาพ BEI)"
,2698-41-1,—,—,C,—,Skin (Danger of cutaneous absorption) | A4 (Not Classifiable),URT Irritation; skin Sensitization,"ผิวหนัง, ทางเดินหายใจส่วนบน",,,,,,Spirometry (สมรรถภาพปอด)
Chlorobromomethane,74-97-5,200,ppm,—,—,—,CNS Impairment; liver Damage,"ตับ, ระบบประสาทส่วนกลาง",,,,,,LFT (การทำงานของตับ)
Chlorodiﬂ uoromethane,75-45-6,ppm,—,—,—,A4 (Not Classifiable),CNS Impairment; asphyxia; card Sensitization,ระบบประสาทส่วนกลาง,,,,,,Physical Examination (ตรวจร่างกายทั่วไป)
Chlorodiphenyl (42% chlorine),53469-21-9,1,mg/m3,—,—,Skin (Danger of cutaneous absorption),Liver Damage; eye Irritation; chloracne,"ดวงตา, ตับ",,,,,,LFT (การทำงานของตับ)
Chlorodiphenyl (54% chlorine),11097-69-1,0.5,mg/m3,—,—,Skin (Danger of cutaneous absorption) | A3 (Animal Carcinogen),URT Irritation; liver Damage; chloracne,"ทางเดินหายใจส่วนบน, ตับ",,,,,,"Spirometry (สมรรถภาพปอด), LFT (การทำงานของตับ)"
Chloroform,67-66-3,10,ppm,—,—,A3 (Animal Carcinogen),Liver & embryo/fetal Damage; CNS Impairment,"ตับ, ระบบประสาทส่วนกลาง",,,,,,LFT (การทำงานของตับ)
bis(Chloromethyl) ether,542-88-1,0.001,ppm,—,—,A1 (Confirmed Human Carcinogen),Lung cancer,ปอด,,,,,,CXR (เอกซเรย์ปอด)
Chloromethyl methyl ether,107-30-2,—,—,—,—,A2 (Suspected Human Carcinogen),Lung cancer,ปอด,,,,,,CXR (เอกซเรย์ปอด)
1-Chloro-1-nitropropane,600-25-9,2,ppm,—,—,—,Eye & URT Irritation; Pulmonary edema,"ดวงตา, ทางเดินหายใจส่วนบน, ปอด",,,,,,Spirometry (สมรรถภาพปอด)
Chloropentaﬂ uoroethane,76-15-3,ppm,—,—,—,—,Card Sensitization,—,,,,,,Physical Examination (ตรวจร่างกายทั่วไป)
Chloropicrin,76-06-2,0.1,ppm,—,—,A4 (Not Classifiable),Eye Irritation; Pulmonary edema,"ดวงตา, ปอด",,,,,,Spirometry (สมรรถภาพปอด)
β-Chloroprene,126-99-8,1,ppm,—,—,Skin (Danger of cutaneous absorption) | A2 (Suspected Human Carcinogen),Lung cancer; URT & eye Irritation,"ดวงตา, ทางเดินหายใจส่วนบน, ปอด",,,,,,"CXR (เอกซเรย์ปอด), Spirometry (สมรรถภาพปอด)"
1-Chloro-2-propanol,127-00-4,—,—,—,—,—,,—,,,,,,Physical Examination (ตรวจร่างกายทั่วไป)
and 2-Chloro-1-propanol,78-89-7,1,ppm,—,—,Skin (Danger of cutaneous absorption) | A4 (Not Classifiable),Liver Damage TLV–CS,ตับ,,,,,,LFT (การทำงานของตับ)
2-Chloropropionic acid,598-78-7,0.1,ppm,—,—,Skin (Danger of cutaneous absorption),Male repro Damage,ระบบสืบพันธุ์,,,,,,Physical Examination (ตรวจร่างกายทั่วไป)
o-Chlorostyrene,2039-87-4,50,ppm,75,ppm,—,CNS Impairment; peripheral neuropathy,"ระบบประสาทส่วนกลาง, ระบบประสาท",,,,,,Physical Examination (ตรวจร่างกายทั่วไป)
o-Chlorotoluene,95-49-8,50,ppm,—,—,—,"URT, eye, & skin Irritation","ดวงตา, ผิวหนัง, ทางเดินหายใจส่วนบน",,,,,,Spirometry (สมรรถภาพปอด)
Chlorpyrifos,2921-88-2,0.1,mg/m3,IFV,—,Skin (Danger of cutaneous absorption) | A4 (Not Classifiable) | BEI (BEI available),Cholinesterase Inhibition,—,,,,,,Physical Examination (ตรวจร่างกายทั่วไป)
Chromium (as Cr),7440-47-3,—,—,—,—,—,"mg/m3 (I) — — Varies Resp tract Irritation Trivalent chromium compounds, as Cr(III) 0.003 mg/m3 (I) — A4 Varies Resp tract Irritation; asthma Water-soluble compounds only DSEN; RSEN Hexavalent chromium compounds, as Cr(VI) 0.0002 mg/m3 (I) 0.0005 mg/m3 (I) A1; DSEN; RSEN; BEI Varies Lung & sinonasal cancer; resp tract Irritation; asthma Water-soluble compounds only Skin","ผิวหนัง, ปอด",Total chromium in urine,Urine,End of shift,at,end,"Spirometry (สมรรถภาพปอด), Biological Monitoring (ตรวจสารชีวภาพ BEI)"
Chromyl chloride (as Cr),14977-61-8,0.0001,ppm,IFV,—,VI,ppm (IFV) Skin; DSEN; RSEN; A1 Varies Lung & sinonasal cancer; resp tract Irritation; asthma Chromite ore processing See Hexavalent and Trivalent Chromium compounds,"ผิวหนัง, ปอด",,,,,,Spirometry (สมรรถภาพปอด)
Chrysene,218-01-9,—,—,—,—,A3 (Animal Carcinogen) | BEI (BEI available),Cancer,—,,,,,,Physical Examination (ตรวจร่างกายทั่วไป)
Citral,5392-40-5,5,ppm,IFV,—,Skin (Danger of cutaneous absorption) | DSEN (Dermal Sensitizer) | A4 (Not Classifiable),Body weight Effects; URT Irritation; eye Damage,"ดวงตา, ทางเดินหายใจส่วนบน",,,,,,Spirometry (สมรรถภาพปอด)
Clopidol,2971-90-6,3,mg/m3,IFV,—,A4 (Not Classifiable),Mutagenic Effects TLV–CS 24 — Adopted Values,—,,,,,,Physical Examination (ตรวจร่างกายทั่วไป)
Clothianidin,210880-92-5,0.1,mg/m3,I,—,A4 (Not Classifiable),Male & female repro system Damage; neurobehavioral & neurodevelop- ment Impairment; body weight Effects Coal dust (1998),"ระบบประสาท, ระบบสืบพันธุ์",,,,,,Physical Examination (ตรวจร่างกายทั่วไป)
Anthracite,8029-10-5,—,—,—,—,—,mg/m3 (R) — A4 — Lung Damage; Pulmonary ﬁ brosis,ปอด,,,,,,Spirometry (สมรรถภาพปอด)
Bituminous or Lignite,308062-82-0,—,—,—,—,—,mg/m3 (R) — A4 — Lung Damage; Pulmonary ﬁ brosis,ปอด,,,,,,Spirometry (สมรรถภาพปอด)
Coal tar pitch volatiles (as benzene),65996-93-2,—,—,—,—,soluble | aerosol,mg/m3 — A1; BEIP — Cancer,—,,,,,,Physical Examination (ตรวจร่างกายทั่วไป)
Cobalt (as Co),7440-48-4,0.02,mg/m3,I,—,DSEN (Dermal Sensitizer) | RSEN (Respiratory Sensitizer) | A3 (Animal Carcinogen) | BEI (BEI available),Varies Pulm Function changes,ปอด,Cobalt in urine | Cobalt in urine,Urine | Urine,End of shift | End of shift,at | at,end | end,"Spirometry (สมรรถภาพปอด), Biological Monitoring (ตรวจสารชีวภาพ BEI)"
Cobalt carbonyl (as Co),10210-68-1,0.1,mg/m3,—,—,—,Pulm edema; spleen Damage,ปอด,,,,,,Spirometry (สมรรถภาพปอด)
Cobalt hydrocarbonyl (as Co),16842-03-8,0.1,mg/m3,—,—,—,Pulm edema; lung Damage,ปอด,,,,,,Spirometry (สมรรถภาพปอด)
Copper (as Cu),7440-50-8,—,—,—,—,—,"mg/m3 —— Dusts and mists, as Cu 1 mg/m3 ——",—,,,,,,Physical Examination (ตรวจร่างกายทั่วไป)
Copper naphthenate,1338-02-9,1,mg/m3,IFV,—,SL | DSEN (Dermal Sensitizer),"Decreased body weight; dermal Sensitization TLV–CS Cotton dust, raw, untreated (2010) 0.1 mg/m3 (T) — A4 — Byssinosis; bronchitis; Pulmonary Function",ปอด,,,,,,Spirometry (สมรรถภาพปอด)
Coumaphos,56-72-4,0.05,mg/m3,IFV,—,Skin (Danger of cutaneous absorption) | A4 (Not Classifiable) | BEI (BEI available) | Cholinesterase | inhib | Cresol | all | isomers,URT Irritation,ทางเดินหายใจส่วนบน,,,,,,Spirometry (สมรรถภาพปอด)
Crotonaldehyde,4170-30-3,—,—,C,—,Skin (Danger of cutaneous absorption) | A3 (Animal Carcinogen),Eye & URT Irritation,"ดวงตา, ทางเดินหายใจส่วนบน",,,,,,Spirometry (สมรรถภาพปอด)
Crufomate,299-86-5,5,mg/m3,—,—,A4 (Not Classifiable) | BEI (BEI available),Cholinesterase Inhibition,—,,,,,,Physical Examination (ตรวจร่างกายทั่วไป)
Cumene,98-82-8,5,ppm,—,—,A3 (Animal Carcinogen),URT adenoma; neurological Effects,"ทางเดินหายใจส่วนบน, ระบบประสาท, ระบบทางเดินอาหาร",,,,,,Spirometry (สมรรถภาพปอด)
Cyanamide,420-04-2,2,mg/m3,—,—,—,Skin & eye Irritation,"ดวงตา, ผิวหนัง",,,,,,Physical Examination (ตรวจร่างกายทั่วไป)
Cyanazine,21725-46-2,0.1,mg/m3,I,—,A3 (Animal Carcinogen),"Body weight, CNS & teratogenic Effects",ระบบประสาทส่วนกลาง,,,,,,Physical Examination (ตรวจร่างกายทั่วไป)
"Cyanoacrylates, Ethyl",7085-85-0,—,—,—,—,—,,—,,,,,,Physical Examination (ตรวจร่างกายทั่วไป)
and Methyl,137-05-3,0.2,ppm,1,ppm,DSEN (Dermal Sensitizer) | RSEN (Respiratory Sensitizer) | ethyl,(methyl) Eye & URT Irritation; asthma,"ดวงตา, ทางเดินหายใจส่วนบน",,,,,,Spirometry (สมรรถภาพปอด)
Cyanogen,460-19-5,—,—,C,—,—,Eye & URT Irritation,"ดวงตา, ทางเดินหายใจส่วนบน",,,,,,Spirometry (สมรรถภาพปอด)
Cyanogen bromide,506-68-3,—,—,C,—,—,Eye & resp tract Irritation; Pulmonary edema,"ดวงตา, ปอด",,,,,,Spirometry (สมรรถภาพปอด)
Cyanogen chloride,506-77-4,—,—,C,—,—,"Pulm edema; eye, skin, & URT Irritation","ดวงตา, ผิวหนัง, ทางเดินหายใจส่วนบน, ปอด",,,,,,Spirometry (สมรรถภาพปอด)
Cyclohexane,110-82-7,100,ppm,—,—,BEI (BEI available),CNS Impairment; eye & URT Irritation,"ดวงตา, ทางเดินหายใจส่วนบน, ระบบประสาทส่วนกลาง","1,2-Cyclohexanediol in urine",Urine,End of shift,at,end,"Spirometry (สมรรถภาพปอด), Biological Monitoring (ตรวจสารชีวภาพ BEI)"
Cyclohexanol,108-93-0,20,ppm,50,ppm,Skin (Danger of cutaneous absorption) | BEI (BEI available),CNS Impairment; URT Irritation TLV–CS 26 — Adopted Values,"ทางเดินหายใจส่วนบน, ระบบประสาทส่วนกลาง","1,2-Cyclohexanediol in urine | Cyclohexanol in urine",Urine | Urine,End of shift | End of shift,at | —,"end | Nq,","Spirometry (สมรรถภาพปอด), Biological Monitoring (ตรวจสารชีวภาพ BEI)"
Cyclohexanone,108-94-1,20,ppm,50,ppm,Skin (Danger of cutaneous absorption) | A3 (Animal Carcinogen) | BEI (BEI available),Eye & URT Irritation,"ดวงตา, ทางเดินหายใจส่วนบน","1,2-Cyclohexanediol in urine | Cyclohexanol in urine",Urine | Urine,End of shift | End of shift,at | 8,end | mg/L,"Spirometry (สมรรถภาพปอด), Biological Monitoring (ตรวจสารชีวภาพ BEI)"
Cyclohexene,110-83-8,20,ppm,—,—,—,Liver Effects,ตับ,,,,,,LFT (การทำงานของตับ)
Cyclohexylamine,108-91-8,10,ppm,—,—,A4 (Not Classifiable),URT & eye Irritation,"ดวงตา, ทางเดินหายใจส่วนบน",,,,,,Spirometry (สมรรถภาพปอด)
Cyclonite,121-82-4,0.5,mg/m3,—,—,Skin (Danger of cutaneous absorption) | A4 (Not Classifiable),Liver Damage,ตับ,,,,,,LFT (การทำงานของตับ)
Cyclopentane,287-92-3,ppm,(EX),—,—,—,CNS Impairment,ระบบประสาทส่วนกลาง,,,,,,Physical Examination (ตรวจร่างกายทั่วไป)
Cyhexatin,13121-70-5,5,mg/m3,—,—,A4 (Not Classifiable),URT Irritation; body weight Effects; kidney Damage,"ทางเดินหายใจส่วนบน, ไต",,,,,,"Spirometry (สมรรถภาพปอด), BUN/Cr (การทำงานของไต)"
Cyromazine,66215-27-8,2,mg/m3,I,—,A4 (Not Classifiable),Body weight & hematological Effects,ระบบทางเดินอาหาร,,,,,,Physical Examination (ตรวจร่างกายทั่วไป)
"2,4-D",94-75-7,10,mg/m3,I,—,A4 (Not Classifiable),Thyroid Effects; kidney tubular Damage,"ไต, ต่อมไทรอยด์",,,,,,BUN/Cr (การทำงานของไต)
DDT,50-29-3,1,mg/m3,—,—,A3 (Animal Carcinogen),Liver Damage,ตับ,,,,,,LFT (การทำงานของตับ)
Decaborane,17702-41-9,0.05,ppm,0.15,ppm,Skin (Danger of cutaneous absorption),CNS convul; cognitive decrement,ระบบประสาทส่วนกลาง,,,,,,Physical Examination (ตรวจร่างกายทั่วไป)
Demeton,8065-48-3,0.05,mg/m3,IFV,—,Skin (Danger of cutaneous absorption) | BEI (BEI available),Cholinesterase Inhibition,—,,,,,,Physical Examination (ตรวจร่างกายทั่วไป)
Demeton-S-methyl,919-86-8,0.05,mg/m3,IFV,—,Skin (Danger of cutaneous absorption) | DSEN (Dermal Sensitizer) | A4 (Not Classifiable) | BEIC,Cholinesterase Inhibition,—,,,,,,Physical Examination (ตรวจร่างกายทั่วไป)
Desﬂ urane,57041-67-5,100,ppm,—,—,—,CNS Impairment; cognitive decrements,ระบบประสาทส่วนกลาง,,,,,,Physical Examination (ตรวจร่างกายทั่วไป)
Diacetone alcohol,123-42-2,10,ppm,—,—,—,Eye & URT Irritation; CNS Impairment TLV–CS,"ดวงตา, ทางเดินหายใจส่วนบน, ระบบประสาทส่วนกลาง",,,,,,Spirometry (สมรรถภาพปอด)
Diacetyl,431-03-8,0.01,ppm,0.02,ppm,DSEN (Dermal Sensitizer) | A3 (Animal Carcinogen),Lung Damage,ปอด,,,,,,Physical Examination (ตรวจร่างกายทั่วไป)
Diazinon,333-41-5,0.01,mg/m3,IFV,—,Skin (Danger of cutaneous absorption) | A4 (Not Classifiable) | BEI (BEI available),Cholinesterase Inhibition,—,,,,,,Physical Examination (ตรวจร่างกายทั่วไป)
Diazomethane,334-88-3,0.2,ppm,—,—,A2 (Suspected Human Carcinogen),URT & eye Irritation,"ดวงตา, ทางเดินหายใจส่วนบน",,,,,,Spirometry (สมรรถภาพปอด)
Diborane,19287-45-7,0.1,ppm,—,—,—,URT Irritation; headache,ทางเดินหายใจส่วนบน,,,,,,Spirometry (สมรรถภาพปอด)
2-N-Dibutylaminoethanol,102-81-8,0.5,ppm,—,—,Skin (Danger of cutaneous absorption) | BEI (BEI available),Eye & URT Irritation,"ดวงตา, ทางเดินหายใจส่วนบน",,,,,,Spirometry (สมรรถภาพปอด)
Dibutyl phenyl phosphate,2528-36-1,0.3,ppm,—,—,Skin (Danger of cutaneous absorption) | BEI (BEI available),Cholinesterase Inhibition; URT Irritation,ทางเดินหายใจส่วนบน,,,,,,Spirometry (สมรรถภาพปอด)
Dibutyl phosphate,107-66-4,5,mg/m3,IFV,—,Skin (Danger of cutaneous absorption),"Bladder, eye, & URT Irritation","ดวงตา, ทางเดินหายใจส่วนบน",,,,,,Spirometry (สมรรถภาพปอด)
Dibutyl phthalate,84-74-2,5,mg/m3,—,—,—,Testicular Damage; eye & URT Irritation,"ดวงตา, ทางเดินหายใจส่วนบน, อัณฑะ",,,,,,Spirometry (สมรรถภาพปอด)
Dichloroacetic acid,79-43-6,0.5,ppm,—,—,Skin (Danger of cutaneous absorption) | A3 (Animal Carcinogen),URT & eye Irritation; testicular Damage,"ดวงตา, ทางเดินหายใจส่วนบน, อัณฑะ",,,,,,Spirometry (สมรรถภาพปอด)
Dichloroacetylene,7572-29-4,—,—,C,—,A3 (Animal Carcinogen),Nausea; PNS Impairment,ระบบประสาทส่วนปลาย,,,,,,Physical Examination (ตรวจร่างกายทั่วไป)
o-Dichlorobenzene,95-50-1,25,ppm,50,ppm,A4 (Not Classifiable),URT & eye Irritation; liver Damage,"ดวงตา, ทางเดินหายใจส่วนบน, ตับ",,,,,,"Spirometry (สมรรถภาพปอด), LFT (การทำงานของตับ)"
p-Dichlorobenzene,106-46-7,10,ppm,—,—,A3 (Animal Carcinogen),Eye Irritation; kidney Damage,"ดวงตา, ไต",,,,,,BUN/Cr (การทำงานของไต)
"3,3’-Dichlorobenzidine",91-94-1,—,—,—,—,Skin (Danger of cutaneous absorption) | A3 (Animal Carcinogen),Bladder cancer; eye Irritation,ดวงตา,,,,,,Physical Examination (ตรวจร่างกายทั่วไป)
"1,4-Dichloro-2-butene",764-41-0,ppm,—,—,—,Skin (Danger of cutaneous absorption) | A2 (Suspected Human Carcinogen),(URT & eye Irritation) ( ),"ดวงตา, ทางเดินหายใจส่วนบน",,,,,,Spirometry (สมรรถภาพปอด)
Dichlorodiﬂ uoromethane,75-71-8,ppm,—,—,—,A4 (Not Classifiable),Card Sensitization TLV–CS 28 — Adopted Values,—,,,,,,Physical Examination (ตรวจร่างกายทั่วไป)
"1,3-Dichloro-5,5-dimethylhydantoin",118-52-5,0.2,mg/m3,0.4,mg/m3,—,URT Irritation,ทางเดินหายใจส่วนบน,,,,,,Spirometry (สมรรถภาพปอด)
"1,1-Dichloroethane",75-34-3,100,ppm,—,—,A4 (Not Classifiable) | URT | eye | irr | liver | kidney | dam | all | isomers,CNS Impairment; eye Irritation,"ดวงตา, ระบบประสาทส่วนกลาง",,,,,,Physical Examination (ตรวจร่างกายทั่วไป)
Dichloroethyl ether,111-44-4,5,ppm,10,ppm,Skin (Danger of cutaneous absorption) | A4 (Not Classifiable),URT & eye Irritation; nausea,"ดวงตา, ทางเดินหายใจส่วนบน",,,,,,Spirometry (สมรรถภาพปอด)
Dichloroﬂ uoromethane,75-43-4,10,ppm,—,—,—,Liver Damage,ตับ,,,,,,LFT (การทำงานของตับ)
Dichloromethane,75-09-2,50,ppm,—,—,A3 (Animal Carcinogen) | BEI (BEI available),COHb-emia; CNS Impairment,ระบบประสาทส่วนกลาง,Dichloromethane in urine,Urine,End of shift,0.3,mg/L,Biological Monitoring (ตรวจสารชีวภาพ BEI)
"1,1-Dichloro-1-nitroethane",594-72-9,2,ppm,—,—,—,URT Irritation,ทางเดินหายใจส่วนบน,,,,,,Spirometry (สมรรถภาพปอด)
"1,3-Dichloropropene",542-75-6,1,ppm,—,—,Skin (Danger of cutaneous absorption) | A3 (Animal Carcinogen),Kidney Damage,ไต,,,,,,BUN/Cr (การทำงานของไต)
"2,2-Dichloropropionic acid",75-99-0,5,mg/m3,I,—,A4 (Not Classifiable),Eye & URT Irritation,"ดวงตา, ทางเดินหายใจส่วนบน",,,,,,Spirometry (สมรรถภาพปอด)
Dichlorotetraﬂ uoroethane,76-14-2,ppm,—,—,—,A4 (Not Classifiable),Pulm Function,ปอด,,,,,,Spirometry (สมรรถภาพปอด)
Dichlorvos,62-73-7,0.1,mg/m3,IFV,—,Skin (Danger of cutaneous absorption) | DSEN (Dermal Sensitizer) | A4 (Not Classifiable) | BEIC,Cholinesterase Inhibition,—,,,,,,Physical Examination (ตรวจร่างกายทั่วไป)
Dicrotophos,141-66-2,0.05,mg/m3,IFV,—,Skin (Danger of cutaneous absorption) | A4 (Not Classifiable) | BEI (BEI available),Cholinesterase Inhibition,—,,,,,,Physical Examination (ตรวจร่างกายทั่วไป)
Dicyclopentadiene,77-73-6,—,—,—,—,—,", including Cyclopen-",—,,,,,,Physical Examination (ตรวจร่างกายทั่วไป)
tadiene,542-92-7,0.5,ppm,1,ppm,—,"URT, LRT, & eye Irritation; CNS Effects TLV–CS","ดวงตา, ทางเดินหายใจส่วนบน, ทางเดินหายใจส่วนล่าง, ระบบประสาทส่วนกลาง",,,,,,Spirometry (สมรรถภาพปอด)
"Dicyclopentadienyl iron, as Fe",102-54-5,10,mg/m3,—,—,—,Liver Damage,ตับ,,,,,,LFT (การทำงานของตับ)
Dieldrin (as total),60-57-1,—,—,—,—,—,hydrocarbons (2008) 100 mg/m3 (IFV) — Skin; A3 Varies Dermatitis,ผิวหนัง,,,,,,Physical Examination (ตรวจร่างกายทั่วไป)
Diethanolamine,111-42-2,1,mg/m3,IFV,—,Skin (Danger of cutaneous absorption) | A3 (Animal Carcinogen),Liver & kidney Damage,"ตับ, ไต",,,,,,"LFT (การทำงานของตับ), BUN/Cr (การทำงานของไต)"
Diethylamine,109-89-7,5,ppm,15,ppm,Skin (Danger of cutaneous absorption) | A4 (Not Classifiable),"URT, eye, & skin Irritation","ดวงตา, ผิวหนัง, ทางเดินหายใจส่วนบน",,,,,,Spirometry (สมรรถภาพปอด)
2-Diethylaminoethanol,100-37-8,2,ppm,—,—,Skin (Danger of cutaneous absorption),URT Irritation; CNS convul,"ทางเดินหายใจส่วนบน, ระบบประสาทส่วนกลาง",,,,,,Spirometry (สมรรถภาพปอด)
Diethylene glycol monobutyl ether,112-34-5,10,ppm,IFV,—,—,"Hematologic, liver & kidney Effects","ตับ, ไต, ระบบทางเดินอาหาร",,,,,,"LFT (การทำงานของตับ), BUN/Cr (การทำงานของไต)"
Diethylenetriamine,111-40-0,1,ppm,—,—,Skin (Danger of cutaneous absorption),URT & eye Irritation,"ดวงตา, ทางเดินหายใจส่วนบน",,,,,,Spirometry (สมรรถภาพปอด)
Di(2-ethylhexyl)phthalate,117-81-7,0.1,mg/m3,—,—,Skin (Danger of cutaneous absorption) | A3 (Animal Carcinogen),Male repro system Damage; teratogenic Effects,ระบบสืบพันธุ์,Mono(2-carboxymethyl-hexyl)phthalate in urine,Urine,End of shift,Not,available,Biological Monitoring (ตรวจสารชีวภาพ BEI)
"N,N-Diethylhydroxylamine",3710-84-7,2,ppm,—,—,—,URT Irritation,ทางเดินหายใจส่วนบน,,,,,,Spirometry (สมรรถภาพปอด)
Diethyl ketone,96-22-0,200,ppm,300,ppm,—,URT Irritation; CNS Impairment,"ทางเดินหายใจส่วนบน, ระบบประสาทส่วนกลาง",,,,,,Spirometry (สมรรถภาพปอด)
Diethyl phthalate,84-66-2,5,mg/m3,—,—,A4 (Not Classifiable),URT Irritation,ทางเดินหายใจส่วนบน,,,,,,Spirometry (สมรรถภาพปอด)
Diﬂ uorodibromomethane,75-61-6,100,ppm,—,—,—,Resp Effects; liver Damage; CNS Effects,"ตับ, ระบบประสาทส่วนกลาง",,,,,,LFT (การทำงานของตับ)
Diglycidyl ether,2238-07-5,0.01,ppm,—,—,A4 (Not Classifiable),Eye & skin Irritation; male repro Damage TLV–CS 30 — Adopted Values,"ดวงตา, ผิวหนัง, ระบบสืบพันธุ์",,,,,,Physical Examination (ตรวจร่างกายทั่วไป)
Diisobutyl ketone,108-83-8,25,ppm,—,—,—,URT & eye Irritation,"ดวงตา, ทางเดินหายใจส่วนบน",,,,,,Spirometry (สมรรถภาพปอด)
Diisopropylamine,108-18-9,5,ppm,—,—,Skin (Danger of cutaneous absorption),URT Irritation; eye Damage,"ดวงตา, ทางเดินหายใจส่วนบน",,,,,,Spirometry (สมรรถภาพปอด)
Dimethenamid-P,163515-14-8,0.2,mg/m3,IFV,—,DSEN (Dermal Sensitizer) | A3 (Animal Carcinogen),Liver Damage; bile duct hyperplasia,ตับ,,,,,,LFT (การทำงานของตับ)
Dimethylacetamide,127-19-5,10,ppm,—,—,Skin (Danger of cutaneous absorption) | A3 (Animal Carcinogen) | BEI (BEI available),"Liver, embryo & fetal Damage; repro, renal & teratogenic Effects","ตับ, ไต, ระบบสืบพันธุ์",N-Methylacetamide in urine,Urine,End of shift,at,end,"LFT (การทำงานของตับ), BUN/Cr (การทำงานของไต), Biological Monitoring (ตรวจสารชีวภาพ BEI)"
Dimethylamine,124-40-3,5,ppm,15,ppm,DSEN (Dermal Sensitizer) | A4 (Not Classifiable),URT & GI Irritation,"ทางเดินหายใจส่วนบน, ระบบทางเดินอาหาร",,,,,,Spirometry (สมรรถภาพปอด)
bis(2-Dimethylaminoethyl) ether,3033-62-3,0.05,ppm,0.15,ppm,Skin (Danger of cutaneous absorption),"URT, eye, & skin Irritation","ดวงตา, ผิวหนัง, ทางเดินหายใจส่วนบน",,,,,,Spirometry (สมรรถภาพปอด)
Dimethylaniline,121-69-7,5,ppm,10,ppm,Skin (Danger of cutaneous absorption) | A4 (Not Classifiable) | BEI (BEI available),Methemoglobinemia,—,,,,,,CBC (ความสมบูรณ์ของเม็ดเลือด)
Dimethyl carbamoyl chloride,79-44-7,ppm,—,—,—,Skin (Danger of cutaneous absorption) | A2 (Suspected Human Carcinogen),Nasal cancer; URT Irritation ( ),ทางเดินหายใจส่วนบน,,,,,,Spirometry (สมรรถภาพปอด)
Dimethyl disulﬁ de,624-92-0,0.5,ppm,—,—,Skin (Danger of cutaneous absorption),URT Irritation; CNS Impairment,"ทางเดินหายใจส่วนบน, ระบบประสาทส่วนกลาง",,,,,,Spirometry (สมรรถภาพปอด)
Dimethylethoxysilane,14857-34-2,0.5,ppm,1.5,ppm,—,URT & eye Irritation; headache,"ดวงตา, ทางเดินหายใจส่วนบน",,,,,,Spirometry (สมรรถภาพปอด)
Dimethylformamide,68-12-2,5,ppm,—,—,Skin (Danger of cutaneous absorption) | A3 (Animal Carcinogen) | BEI (BEI available),Liver Damage; eye & URT Irritation,"ดวงตา, ทางเดินหายใจส่วนบน, ตับ",Total N-Methylformamide in urine** | N-Acetyl-S-(N-methylcarbamoyl) cysteine in urine,Urine | Urine,End of shift | End of shift,30 | at,mg/L | end,"Spirometry (สมรรถภาพปอด), LFT (การทำงานของตับ), Biological Monitoring (ตรวจสารชีวภาพ BEI)"
"1,1-Dimethylhydrazine",57-14-7,0.01,ppm,—,—,Skin (Danger of cutaneous absorption) | A3 (Animal Carcinogen),"URT Irritation; nasal cancer Dimethylphenol, all isomers [95-65-8; 95-87-4; 105-67-9; 108-68-9; 526-75-0; 576-26-1; 1300- 71-6] (2019) 1 ppm (IFV) — DSEN; A3 Varies Hematologic & body weight Effects TLV–CS","ทางเดินหายใจส่วนบน, ระบบทางเดินอาหาร",,,,,,Spirometry (สมรรถภาพปอด)
Dimethyl phthalate,131-11-3,5,mg/m3,—,—,—,Eye & URT Irritation,"ดวงตา, ทางเดินหายใจส่วนบน",,,,,,Spirometry (สมรรถภาพปอด)
Dimethyl sulfate,77-78-1,0.1,ppm,—,—,Skin (Danger of cutaneous absorption) | A3 (Animal Carcinogen),Eye & skin Irritation,"ดวงตา, ผิวหนัง",,,,,,Physical Examination (ตรวจร่างกายทั่วไป)
Dimethyl sulﬁ de,75-18-3,10,ppm,—,—,URT | irr | Dinitrobenzene | all | isomers | Skin (Danger of cutaneous absorption) | BEI (BEI available),Methemoglobinemia; eye Damage,ดวงตา,,,,,,CBC (ความสมบูรณ์ของเม็ดเลือด)
Dinitro-o-cresol,534-52-1,0.2,mg/m3,IFV,—,Skin (Danger of cutaneous absorption),Basal metabolism,—,,,,,,Physical Examination (ตรวจร่างกายทั่วไป)
"3,5-Dinitro-o-toluamide",148-01-6,1,mg/m3,—,—,A4 (Not Classifiable),Liver Damage,ตับ,,,,,,LFT (การทำงานของตับ)
Dinitrotoluene,25321-14-6,0.2,mg/m3,—,—,Skin (Danger of cutaneous absorption) | A3 (Animal Carcinogen) | BEI (BEI available),Card Impairment; repro Effects,ระบบสืบพันธุ์,,,,,,Physical Examination (ตรวจร่างกายทั่วไป)
"1,4-Dioxane",123-91-1,1,ppm,—,—,Skin (Danger of cutaneous absorption) | A3 (Animal Carcinogen),Liver Damage; URT Damage,"ทางเดินหายใจส่วนบน, ตับ",,,,,,"Spirometry (สมรรถภาพปอด), LFT (การทำงานของตับ)"
Dioxathion,78-34-2,0.1,mg/m3,IFV,—,Skin (Danger of cutaneous absorption) | A4 (Not Classifiable) | BEI (BEI available),Cholinesterase Inhibition,—,,,,,,Physical Examination (ตรวจร่างกายทั่วไป)
"1,3-Dioxolane",646-06-0,20,ppm,—,—,—,Hematologic Effects,ระบบทางเดินอาหาร,,,,,,Physical Examination (ตรวจร่างกายทั่วไป)
Diphenylamine,122-39-4,10,mg/m3,—,—,A4 (Not Classifiable),Liver & kidney Damage; hematologic Effects,"ตับ, ไต, ระบบทางเดินอาหาร",,,,,,"LFT (การทำงานของตับ), BUN/Cr (การทำงานของไต)"
Dipropyl ketone,123-19-3,50,ppm,—,—,URT | irr | Dipropylene | glycol | methyl | ether | DPGME,Liver & CNS Effects TLV–CS 32 — Adopted Values,"ตับ, ระบบประสาทส่วนกลาง",,,,,,LFT (การทำงานของตับ)
Diquat (as the),85-00-7; 2764-72-9; 6385-62-2,—,—,—,—,cation,mg/m3 (I) — Skin; A4 Varies LRT Irritation; cataract 0.1 mg/m3 (R),"ผิวหนัง, ทางเดินหายใจส่วนล่าง",,,,,,Spirometry (สมรรถภาพปอด)
Disulﬁ ram,97-77-8,2,mg/m3,—,—,A4 (Not Classifiable),Vasodilation; nausea,—,,,,,,Physical Examination (ตรวจร่างกายทั่วไป)
Disulfoton,298-04-4,0.05,mg/m3,IFV,—,Skin (Danger of cutaneous absorption) | A4 (Not Classifiable) | BEI (BEI available),Cholinesterase Inhibition,—,,,,,,Physical Examination (ตรวจร่างกายทั่วไป)
Diuron,330-54-1,10,mg/m3,—,—,A4 (Not Classifiable),URT Irritation,ทางเดินหายใจส่วนบน,,,,,,Spirometry (สมรรถภาพปอด)
Divinylbenzene (as total),1321-74-0,0.5,ppm,—,—,divinylbenzene | isomers | DSEN (Dermal Sensitizer) | A3 (Animal Carcinogen),URT & lung Damage,"ทางเดินหายใจส่วนบน, ปอด",,,,,,Spirometry (สมรรถภาพปอด)
Dodecyl mercaptan,112-55-0,0.1,ppm,—,—,DSEN (Dermal Sensitizer),URT Irritation,ทางเดินหายใจส่วนบน,,,,,,Spirometry (สมรรถภาพปอด)
Endosulfan,115-29-7,0.1,mg/m3,IFV,—,Skin (Danger of cutaneous absorption) | A4 (Not Classifiable),LRT Irritation; liver & kidney Damage,"ทางเดินหายใจส่วนล่าง, ตับ, ไต",,,,,,"Spirometry (สมรรถภาพปอด), LFT (การทำงานของตับ), BUN/Cr (การทำงานของไต)"
Endotoxins,67924-63-4,—,—,—,—,—,90 EU/m 3 (I) — A4 Species- dependent variation Pulm Function; LRT Irritation,"ทางเดินหายใจส่วนล่าง, ปอด",,,,,,Spirometry (สมรรถภาพปอด)
Endrin,72-20-8,0.1,mg/m3,—,—,Skin (Danger of cutaneous absorption) | A4 (Not Classifiable),Liver Damage; CNS Impairment; headache,"ตับ, ระบบประสาทส่วนกลาง",,,,,,LFT (การทำงานของตับ)
Enﬂ urane,13838-16-9,50,ppm,—,—,A4 (Not Classifiable),CNS Impairment; embryo/fetal Damage,ระบบประสาทส่วนกลาง,,,,,,Physical Examination (ตรวจร่างกายทั่วไป)
Epichlorohydrin,106-89-8,0.1,ppm,—,—,Skin (Danger of cutaneous absorption) | DSEN (Dermal Sensitizer) | A2 (Suspected Human Carcinogen),Resp tract Irritation TLV–CS,—,,,,,,Physical Examination (ตรวจร่างกายทั่วไป)
EPN,2104-64-5,0.1,mg/m3,IFV,—,Skin (Danger of cutaneous absorption) | A4 (Not Classifiable) | BEI (BEI available),Cholinesterase Inhibition,—,,,,,,Physical Examination (ตรวจร่างกายทั่วไป)
Ethane,74-84-0,—,—,—,—,See | Appendix | F: | Minimal | Oxygen | Content | EX,Asphyxia,—,,,,,,Physical Examination (ตรวจร่างกายทั่วไป)
Ethanol,64-17-5,—,ppm,—,—,A3 (Animal Carcinogen),URT Irritation,ทางเดินหายใจส่วนบน,,,,,,Spirometry (สมรรถภาพปอด)
Ethanolamine,141-43-5,3,ppm,6,ppm,—,Eye & skin Irritation,"ดวงตา, ผิวหนัง",,,,,,Physical Examination (ตรวจร่างกายทั่วไป)
Ethion,563-12-2,0.05,mg/m3,IFV,—,Skin (Danger of cutaneous absorption) | A4 (Not Classifiable) | BEI (BEI available),Cholinesterase Inhibition,—,,,,,,Physical Examination (ตรวจร่างกายทั่วไป)
2-Ethoxyethanol,110-80-5,5,ppm,—,—,Skin (Danger of cutaneous absorption) | BEI (BEI available),Male repro & embryo/fetal Damage,ระบบสืบพันธุ์,,,,,,Physical Examination (ตรวจร่างกายทั่วไป)
2-Ethoxyethyl acetate,111-15-9,5,ppm,—,—,Skin (Danger of cutaneous absorption) | BEI (BEI available),Male repro Damage,ระบบสืบพันธุ์,2-Ethoxyacetic acid in urine,Urine,End of shift,at,end,Biological Monitoring (ตรวจสารชีวภาพ BEI)
Ethyl acetate,141-78-6,100,ppm,200,ppm,—,URT Damage; body weight; CNS Impairment,"ทางเดินหายใจส่วนบน, ระบบประสาทส่วนกลาง",,,,,,Spirometry (สมรรถภาพปอด)
Ethyl acrylate,140-88-5,5,ppm,15,ppm,A4 (Not Classifiable),"URT, eye, & GI Irritation; CNS Impairment; skin Sensitization","ดวงตา, ผิวหนัง, ทางเดินหายใจส่วนบน, ระบบประสาทส่วนกลาง, ระบบทางเดินอาหาร",,,,,,Spirometry (สมรรถภาพปอด)
Ethylamine,75-04-7,5,ppm,15,ppm,Skin (Danger of cutaneous absorption),URT Irritation,ทางเดินหายใจส่วนบน,,,,,,Spirometry (สมรรถภาพปอด)
Ethyl amyl ketone,541-85-5,10,ppm,—,—,—,Neurotoxicity,ระบบประสาท,,,,,,Physical Examination (ตรวจร่างกายทั่วไป)
Ethyl benzene,100-41-4,20,ppm,—,—,OTO (Ototoxicant) | A3 (Animal Carcinogen) | BEI (BEI available),URT & eye Irritation; ototoxicity; kidney Effects; CNS Impairment,"ดวงตา, ทางเดินหายใจส่วนบน, ไต, ระบบประสาทส่วนกลาง",,อื่นๆ,End of shift,150,mg/g,"Spirometry (สมรรถภาพปอด), Audiometry (สมรรถภาพการได้ยิน), BUN/Cr (การทำงานของไต), Biological Monitoring (ตรวจสารชีวภาพ BEI)"
Ethyl bromide,74-96-4,5,ppm,—,—,Skin (Danger of cutaneous absorption) | A3 (Animal Carcinogen),Liver Damage; CNS Impairment,"ตับ, ระบบประสาทส่วนกลาง",,,,,,LFT (การทำงานของตับ)
Ethyl tert-butyl ether,637-92-3,25,ppm,—,—,A4 (Not Classifiable),URT & LRT Irritation; CNS Impairment TLV–CS 34 — Adopted Values,"ทางเดินหายใจส่วนบน, ทางเดินหายใจส่วนล่าง, ระบบประสาทส่วนกลาง",,,,,,Spirometry (สมรรถภาพปอด)
Ethyl butyl ketone,106-35-4,ppm,ppm),—,—,—,CNS Impairment; (eye & skin Irritation),"ดวงตา, ผิวหนัง, ระบบประสาทส่วนกลาง",,,,,,Physical Examination (ตรวจร่างกายทั่วไป)
Ethyl chloride,75-00-3,100,ppm,—,—,Skin (Danger of cutaneous absorption) | A3 (Animal Carcinogen),Liver Damage,ตับ,,,,,,LFT (การทำงานของตับ)
Ethylene,74-85-1,200,ppm,—,—,A4 (Not Classifiable),Asphyxia,—,,,,,,Physical Examination (ตรวจร่างกายทั่วไป)
Ethylene chlorohydrin,107-07-3,—,—,C,—,Skin (Danger of cutaneous absorption) | A4 (Not Classifiable),CNS Impairment; liver & kidney Damage,"ตับ, ไต, ระบบประสาทส่วนกลาง",,,,,,"LFT (การทำงานของตับ), BUN/Cr (การทำงานของไต)"
Ethylenediamine,107-15-3,10,ppm,—,—,Skin (Danger of cutaneous absorption) | A4 (Not Classifiable),—,—,,,,,,Physical Examination (ตรวจร่างกายทั่วไป)
Ethylene dibromide,106-93-4,—,—,—,—,Skin (Danger of cutaneous absorption) | A3 (Animal Carcinogen),—,—,,,,,,Physical Examination (ตรวจร่างกายทั่วไป)
Ethylene dichloride,107-06-2,10,ppm,—,—,A4 (Not Classifiable),Liver Damage; nausea,ตับ,,,,,,LFT (การทำงานของตับ)
Ethylene glycol,107-21-1,25,ppm,V,—,A4 (Not Classifiable),URT Irritation,ทางเดินหายใจส่วนบน,,,,,,Spirometry (สมรรถภาพปอด)
Ethylene glycol dimethyl ether,110-71-4,0.5,ppm,—,—,Skin (Danger of cutaneous absorption),Hematologic & male repro Effects; embryo/fetal Damage,"ระบบสืบพันธุ์, ระบบทางเดินอาหาร",,,,,,Physical Examination (ตรวจร่างกายทั่วไป)
Ethylene glycol dinitrate,628-96-6,0.02,—,0.01,ppm,SL | Skin (Danger of cutaneous absorption),Vasodilation; headache; hypoten- sion; cerebrovascular & cardiovas- cular disease,หัวใจ,,,,,,EKG (คลื่นไฟฟ้าหัวใจ)
Ethylene oxide,75-21-8,1,ppm,—,—,A2 (Suspected Human Carcinogen) | Skin (Danger of cutaneous absorption) | BEI (BEI available),Cancer; CNS Impairment,ระบบประสาทส่วนกลาง,N-(2-hydroxyethyl)valine (HEV) hemoglobin adducts,Blood,Not critical,"5,000",pmol,Biological Monitoring (ตรวจสารชีวภาพ BEI)
Ethyleneimine,151-56-4,0.05,ppm,0.1,ppm,Skin (Danger of cutaneous absorption) | A3 (Animal Carcinogen),URT Irritation; liver & kidney Damage,"ทางเดินหายใจส่วนบน, ตับ, ไต",,,,,,"Spirometry (สมรรถภาพปอด), LFT (การทำงานของตับ), BUN/Cr (การทำงานของไต)"
Ethyl ether,60-29-7,400,ppm,500,ppm,—,CNS Impairment; URT Irritation TLV–CS,"ทางเดินหายใจส่วนบน, ระบบประสาทส่วนกลาง",,,,,,Spirometry (สมรรถภาพปอด)
Ethyl formate,109-94-4,—,—,100,ppm,A4 (Not Classifiable),URT Irritation,ทางเดินหายใจส่วนบน,,,,,,Spirometry (สมรรถภาพปอด)
2-Ethylhexanoic acid,149-57-5,5,mg/m3,IFV,—,—,Teratogenic Effects,—,,,,,,Physical Examination (ตรวจร่างกายทั่วไป)
2-Ethyl-1-hexanol,104-76-7,5,ppm,—,—,A3 (Animal Carcinogen),URT & eye Irritation,"ดวงตา, ทางเดินหายใจส่วนบน",,,,,,Spirometry (สมรรถภาพปอด)
Ethylidene norbornene,16219-75-3,2,ppm,4,ppm,—,URT & eye Irritation,"ดวงตา, ทางเดินหายใจส่วนบน",,,,,,Spirometry (สมรรถภาพปอด)
Ethyl isocyanate,109-90-0,0.02,ppm,0.06,ppm,Skin (Danger of cutaneous absorption) | DSEN (Dermal Sensitizer),URT & eye Irritation,"ดวงตา, ทางเดินหายใจส่วนบน",,,,,,Spirometry (สมรรถภาพปอด)
Ethyl mercaptan,75-08-1,0.5,ppm,—,—,—,URT Irritation; CNS Impairment,"ทางเดินหายใจส่วนบน, ระบบประสาทส่วนกลาง",,,,,,Spirometry (สมรรถภาพปอด)
N-Ethylmorpholine,100-74-3,5,ppm,—,—,Skin (Danger of cutaneous absorption),URT Irritation; eye Damage,"ดวงตา, ทางเดินหายใจส่วนบน",,,,,,Spirometry (สมรรถภาพปอด)
Ethyl silicate,78-10-4,10,ppm,—,—,—,URT & eye Irritation; kidney Damage,"ดวงตา, ทางเดินหายใจส่วนบน, ไต",,,,,,"Spirometry (สมรรถภาพปอด), BUN/Cr (การทำงานของไต)"
Fenamiphos,22224-92-6,0.05,mg/m3,IFV,—,Skin (Danger of cutaneous absorption) | A4 (Not Classifiable) | BEI (BEI available),Cholinesterase Inhibition,—,,,,,,Physical Examination (ตรวจร่างกายทั่วไป)
Fenoxycarb,72490-01-8,1,mg/m3,I,—,A3 (Animal Carcinogen),Liver & lung Damage,"ปอด, ตับ",,,,,,LFT (การทำงานของตับ)
Fensulfothion,115-90-2,0.01,mg/m3,IFV,—,Skin (Danger of cutaneous absorption) | A4 (Not Classifiable) | BEI (BEI available),Cholinesterase Inhibition,—,,,,,,Physical Examination (ตรวจร่างกายทั่วไป)
Fentanyl,437-38-7,—,—,—,—,—,,—,,,,,,Physical Examination (ตรวจร่างกายทั่วไป)
and Fentanyl citrate (as Fentanyl),990-73-8,0.0001,mg/m3,I,—,SL | mg/ | Skin (Danger of cutaneous absorption) | A4 (Not Classifiable),CNS Impairment; resp depression,ระบบประสาทส่วนกลาง,,,,,,Physical Examination (ตรวจร่างกายทั่วไป)
Fenthion,55-38-9,0.05,mg/m3,IFV,—,Skin (Danger of cutaneous absorption) | A4 (Not Classifiable) | BEI (BEI available),Cholinesterase Inhibition TLV–CS 36 — Adopted Values,—,,,,,,Physical Examination (ตรวจร่างกายทั่วไป)
Ferbam,14484-64-1,5,mg/m3,I,—,A4 (Not Classifiable),CNS Impairment; body weight Effects; spleen Damage,ระบบประสาทส่วนกลาง,,,,,,Physical Examination (ตรวจร่างกายทั่วไป)
Ferrovanadium dust,12604-58-9,1,mg/m3,3,mg/m3,Eye | URT | LRT | irr | Flour | dust,mg/m3 (I) — RSEN — Asthma; URT Irritation; bronchitis,ทางเดินหายใจส่วนบน,,,,,,Spirometry (สมรรถภาพปอด)
Fludioxonil (as F),131341-86-1,—,—,—,—,—,mg/m3 — A4; BEI Varies Bone Damage; ﬂ uorosis,—,,,,,,Physical Examination (ตรวจร่างกายทั่วไป)
Fluorine (as F),7782-41-4,0.1,ppm,C,—,—,Fluorosis; eye Irritation,ดวงตา,,,,,,Physical Examination (ตรวจร่างกายทั่วไป)
Folpet,133-07-3,1,mg/m3,I,—,DSEN (Dermal Sensitizer) | A3 (Animal Carcinogen),Liver Damage; body weight Effects,ตับ,,,,,,LFT (การทำงานของตับ)
Fonofos,944-22-9,0.1,mg/m3,IFV,—,Skin (Danger of cutaneous absorption) | A4 (Not Classifiable) | BEI (BEI available),Cholinesterase Inhibition,—,,,,,,Physical Examination (ตรวจร่างกายทั่วไป)
Formaldehyde,50-00-0,0.1,ppm,0.3,ppm,DSEN (Dermal Sensitizer) | RSEN (Respiratory Sensitizer) | A1 (Confirmed Human Carcinogen),URT & eye Irritation; URT cancer,"ดวงตา, ทางเดินหายใจส่วนบน",,,,,,Spirometry (สมรรถภาพปอด)
Formamide,75-12-7,1,ppm,—,—,Skin (Danger of cutaneous absorption) | A3 (Animal Carcinogen),Hematological Effects; liver cancer; developmental toxicity,"ตับ, ระบบทางเดินอาหาร",,,,,,LFT (การทำงานของตับ)
Formic acid,64-18-6,5,ppm,—,—,—,URT Irritation,ทางเดินหายใจส่วนบน,,,,,,Spirometry (สมรรถภาพปอด)
Furfural,98-01-1,0.2,ppm,—,—,Skin (Danger of cutaneous absorption) | A3 (Animal Carcinogen) | BEI (BEI available),URT & eye Irritation,"ดวงตา, ทางเดินหายใจส่วนบน",Furoic acid in urine,Urine,End of shift,200,mg/L,"Spirometry (สมรรถภาพปอด), Biological Monitoring (ตรวจสารชีวภาพ BEI)"
Furfuryl alcohol,98-00-0,0.2,ppm,—,—,Skin (Danger of cutaneous absorption) | A3 (Animal Carcinogen),URT & eye Irritation,"ดวงตา, ทางเดินหายใจส่วนบน",,,,,,Spirometry (สมรรถภาพปอด)
Gallium arsenide,1303-00-0,0.0003,mg/m3,R,—,A3 (Animal Carcinogen),LRT Irritation TLV–CS,ทางเดินหายใจส่วนล่าง,,,,,,Spirometry (สมรรถภาพปอด)
Gasoline,86290-81-5,—,—,—,—,—,300 ppm 500 ppm A3 Varies URT & eye Irritation; CNS Impairment,"ดวงตา, ทางเดินหายใจส่วนบน, ระบบประสาทส่วนกลาง",,,,,,Spirometry (สมรรถภาพปอด)
Germanium tetrahydride,7782-65-2,0.01,ppm,—,—,—,Hemolysis,—,,,,,,CBC (ความสมบูรณ์ของเม็ดเลือด)
Glutaraldehyde,111-30-8,—,—,C,—,activated | or | unactivat- | ed | DSEN (Dermal Sensitizer) | RSEN (Respiratory Sensitizer) | A4 (Not Classifiable),"URT, skin, & eye Irritation; CNS Impairment","ดวงตา, ผิวหนัง, ทางเดินหายใจส่วนบน, ระบบประสาทส่วนกลาง",,,,,,Spirometry (สมรรถภาพปอด)
Glycidol,556-52-5,2,ppm,—,—,A3 (Animal Carcinogen),"URT, eye, & skin Irritation","ดวงตา, ผิวหนัง, ทางเดินหายใจส่วนบน",,,,,,Spirometry (สมรรถภาพปอด)
Glycidyl methacrylate,106-91-2,0.01,ppm,—,—,Skin (Danger of cutaneous absorption) | DSEN (Dermal Sensitizer) | A2 (Suspected Human Carcinogen),URT Damage & Irritation; mutagenic Effects; cancer,ทางเดินหายใจส่วนบน,,,,,,Spirometry (สมรรถภาพปอด)
Glyoxal,107-22-2,0.1,mg/m3,IFV,—,DSEN (Dermal Sensitizer) | A4 (Not Classifiable),URT Irritation; larynx metaplasia,ทางเดินหายใจส่วนบน,,,,,,Spirometry (สมรรถภาพปอด)
Glyphosate,1071-83-6,5,mg/m3,I,—,A4 (Not Classifiable),"Body weight Effects; liver Damage; cataract Grain dust (oat, wheat, barley) (1986) 4 mg/m3 — — NA Bronchitis; URT Irritation; Pulmonary Function Graphite (all forms except graphite ﬁ bers) [7782- 42-5] (1991) 2 mg/m3 (R) — — — Pneumoconiosis","ทางเดินหายใจส่วนบน, ปอด, ตับ",,,,,,"CXR (เอกซเรย์ปอด), Spirometry (สมรรถภาพปอด), LFT (การทำงานของตับ)"
Hafnium (as Hf),7440-58-6,0.5,mg/m3,—,—,—,URT & eye Irritation; liver Damage,"ดวงตา, ทางเดินหายใจส่วนบน, ตับ",,,,,,"Spirometry (สมรรถภาพปอด), LFT (การทำงานของตับ)"
Halothane,151-67-7,5,ppm,—,—,A4 (Not Classifiable),Developmental Effects; liver Damage; CNS Impairment,"ตับ, ระบบประสาทส่วนกลาง",,,,,,LFT (การทำงานของตับ)
Hard metals containing Cobalt,7440-48-4,—,—,—,—,—,and,—,Cobalt in urine | Cobalt in urine,Urine | Urine,End of shift | End of shift,at | at,end | end,Biological Monitoring (ตรวจสารชีวภาพ BEI)
Tungsten carbide (as Co),12070-12-1,—,—,—,—,—,mg/m3 (T) — RSEN; A2 — Pneumonitis TLV–CS 38 — Adopted Values,—,,,,,,Physical Examination (ตรวจร่างกายทั่วไป)
Helium,7440-59-7,—,—,—,—,See | Appendix | F: | Minimal | Oxygen | Content,Asphyxia,—,,,,,,Physical Examination (ตรวจร่างกายทั่วไป)
Heptachlor,76-44-8,—,—,—,—,—,and Heptachlor epoxide,—,,,,,,Physical Examination (ตรวจร่างกายทั่วไป)
,1024-57-3,0.05,mg/m3,—,—,Skin (Danger of cutaneous absorption) | A3 (Animal Carcinogen) | Liver | dam | Heptane | straight | and | branched | isomers | OTO (Ototoxicant),URT Irritation; lung Damage; CNS Impairment; ototoxicity,"ทางเดินหายใจส่วนบน, ปอด, ระบบประสาทส่วนกลาง",,,,,,"Spirometry (สมรรถภาพปอด), Audiometry (สมรรถภาพการได้ยิน)"
Hexachlorobenzene,118-74-1,0.002,mg/m3,—,—,Skin (Danger of cutaneous absorption) | A3 (Animal Carcinogen),Porphyrin Effects; skin Damage; CNS Impairment,"ผิวหนัง, ระบบประสาทส่วนกลาง",,,,,,Physical Examination (ตรวจร่างกายทั่วไป)
Hexachlorobutadiene,87-68-3,0.02,ppm,—,—,Skin (Danger of cutaneous absorption) | A3 (Animal Carcinogen),Kidney Damage,ไต,,,,,,BUN/Cr (การทำงานของไต)
Hexachlorocyclopentadiene,77-47-4,0.01,ppm,—,—,A4 (Not Classifiable),URT Irritation,ทางเดินหายใจส่วนบน,,,,,,Spirometry (สมรรถภาพปอด)
Hexachloroethane,67-72-1,1,ppm,—,—,Skin (Danger of cutaneous absorption) | A3 (Animal Carcinogen),Liver & kidney Damage,"ตับ, ไต",,,,,,"LFT (การทำงานของตับ), BUN/Cr (การทำงานของไต)"
Hexachloronaphthalene,1335-87-1,0.2,mg/m3,—,—,Skin (Danger of cutaneous absorption),Liver Damage; chloracne,ตับ,,,,,,LFT (การทำงานของตับ)
Hexaﬂ uoroacetone,684-16-2,0.1,ppm,—,—,Skin (Danger of cutaneous absorption),Testicular & kidney Damage,"ไต, อัณฑะ",,,,,,BUN/Cr (การทำงานของไต)
Hexaﬂ uoropropylene,116-15-4,0.1,ppm,—,—,Kidney | dam | Hexahydrophthalic | anhydride | all | isomers | mg/ | RSEN (Respiratory Sensitizer),Sens,—,,,,,,Spirometry (สมรรถภาพปอด)
Hexamethylene diisocyanate,822-06-0,0.005,ppm,—,—,BEI (BEI available),URT Irritation; resp Sensitization TLV–CS,ทางเดินหายใจส่วนบน,"1,6-Hexamethylene diamine in urine",Urine,End of shift,15,μg/g,"Spirometry (สมรรถภาพปอด), Biological Monitoring (ตรวจสารชีวภาพ BEI)"
Hexamethylenetetramine,100-97-0,1,mg/m3,IFV,—,DSEN (Dermal Sensitizer) | A4 (Not Classifiable),Dermal Sensitization,—,,,,,,Physical Examination (ตรวจร่างกายทั่วไป)
Hexamethyl phosphoramide,680-31-9,—,—,—,—,Skin (Danger of cutaneous absorption) | A3 (Animal Carcinogen) | URT | cancer | Hexane | Commercial | n-Hexane | and | Branched | Isomers | [Var- | ies | including | Periph | neuropathy,URT Irritation; lung Damage,"ทางเดินหายใจส่วนบน, ปอด",,,,,,Spirometry (สมรรถภาพปอด)
n-Hexane,110-54-3,50,ppm,—,—,Skin (Danger of cutaneous absorption) | BEI (BEI available),CNS Impairment; peripheral neuropathy; eye Irritation,"ดวงตา, ระบบประสาทส่วนกลาง, ระบบประสาท","2,5-Hexanedione in urine",Urine,End of shift,0.5,mg/L,Biological Monitoring (ตรวจสารชีวภาพ BEI)
"1,6-Hexanediamine",124-09-4,0.5,ppm,—,—,—,URT & skin Irritation,"ผิวหนัง, ทางเดินหายใจส่วนบน",,,,,,Spirometry (สมรรถภาพปอด)
Hexazinone,51235-04-2,3,mg/m3,I,—,A4 (Not Classifiable),Hematological & liver Effects,"ตับ, ระบบทางเดินอาหาร",,,,,,LFT (การทำงานของตับ)
1-Hexene,592-41-6,50,ppm,—,—,—,CNS Impairment,ระบบประสาทส่วนกลาง,,,,,,Physical Examination (ตรวจร่างกายทั่วไป)
sec-Hexyl acetate,108-84-9,20,ppm,50,ppm,—,CNS Impairment; URT & eye Irritation,"ดวงตา, ทางเดินหายใจส่วนบน, ระบบประสาทส่วนกลาง",,,,,,Spirometry (สมรรถภาพปอด)
Hexylene glycol,107-41-5,25,ppm,V,—,—,Eye & URT Irritation,"ดวงตา, ทางเดินหายใจส่วนบน",,,,,,Spirometry (สมรรถภาพปอด)
Hydrazine,302-01-2,0.01,ppm,—,—,Skin (Danger of cutaneous absorption) | A3 (Animal Carcinogen),URT cancer TLV–CS 40 — Adopted Values,ทางเดินหายใจส่วนบน,,,,,,Spirometry (สมรรถภาพปอด)
Hydrogen,1333-74-0,—,—,—,—,See | Appendix | F: | Minimal | Oxygen | Content | EX,Asphyxia Hydrogenated terphenyls (nonirradiated),—,,,,,,Physical Examination (ตรวจร่างกายทั่วไป)
,61788-32-7,0.5,ppm,—,—,—,Liver Damage,ตับ,,,,,,LFT (การทำงานของตับ)
Hydrogen bromide,10035-10-6,—,—,C,—,—,URT Irritation,ทางเดินหายใจส่วนบน,,,,,,Spirometry (สมรรถภาพปอด)
Hydrogen chloride (as CN),7647-01-0,—,—,—,—,—,(1994) URT Irritation; headache; nausea; thyroid Effects,"ทางเดินหายใจส่วนบน, ต่อมไทรอยด์",,,,,,Spirometry (สมรรถภาพปอด)
Hydrogen cyanide,74-90-8,—,—,C,—,—,ppm Skin 27.03,ผิวหนัง,,,,,,Physical Examination (ตรวจร่างกายทั่วไป)
Cyanide salts,143-33-9; 151-50-8; 592-01-8,—,—,—,—,—,— C 5 mg/m3 Skin Varies,ผิวหนัง,,,,,,Physical Examination (ตรวจร่างกายทั่วไป)
Hydrogen ﬂ uoride (as F),7664-39-3,0.5,ppm,C,—,Skin (Danger of cutaneous absorption) | BEI (BEI available),"URT, LRT, skin, & eye Irritation; ﬂ uorosis","ดวงตา, ผิวหนัง, ทางเดินหายใจส่วนบน, ทางเดินหายใจส่วนล่าง",,,,,,Spirometry (สมรรถภาพปอด)
Hydrogen peroxide,7722-84-1,1,ppm,—,—,A3 (Animal Carcinogen),"Eye, URT, & skin Irritation","ดวงตา, ผิวหนัง, ทางเดินหายใจส่วนบน",,,,,,Spirometry (สมรรถภาพปอด)
Hydrogen selenide (as Se),7783-07-5,0.05,ppm,—,—,—,URT & eye Irritation; nausea,"ดวงตา, ทางเดินหายใจส่วนบน",,,,,,Spirometry (สมรรถภาพปอด)
Hydrogen sulﬁ de,7783-06-4,1,ppm,5,ppm,—,URT Irritation; CNS Impairment,"ทางเดินหายใจส่วนบน, ระบบประสาทส่วนกลาง",,,,,,Spirometry (สมรรถภาพปอด)
Hydroquinone,123-31-9,1,mg/m3,—,—,DSEN (Dermal Sensitizer) | A3 (Animal Carcinogen),Eye Irritation; eye Damage,ดวงตา,,,,,,Physical Examination (ตรวจร่างกายทั่วไป)
2-Hydroxypropyl acrylate,999-61-1,0.5,ppm,—,—,Skin (Danger of cutaneous absorption) | DSEN (Dermal Sensitizer),Eye & URT Irritation,"ดวงตา, ทางเดินหายใจส่วนบน",,,,,,Spirometry (สมรรถภาพปอด)
Imazosulfuron,122548-33-8,10,mg/m3,I,—,A4 (Not Classifiable),Thyroid & liver hypertrophy TLV–CS,"ตับ, ต่อมไทรอยด์",,,,,,LFT (การทำงานของตับ)
Imidacloprid,138261-41-3,0.005,mg/m3,I,—,A4 (Not Classifiable),Male repro system Damage; body weight Effects; repro Effects; neurodevelopmental Impairment,"ระบบประสาท, ระบบสืบพันธุ์",,,,,,Physical Examination (ตรวจร่างกายทั่วไป)
Indene,95-13-6,5,ppm,—,—,—,Liver Damage,ตับ,,,,,,LFT (การทำงานของตับ)
Indium (as In),7440-74-6,0.1,mg/m3,—,—,BEI (BEI available),Pulm edema; pneumonitis; dental erosion; malaise,ปอด,Indium (In) in serum or plasma,อื่นๆ,Not critical,1,μg/L,"Spirometry (สมรรถภาพปอด), Biological Monitoring (ตรวจสารชีวภาพ BEI)"
Indium tin oxide (as In),50926-11-9,—,—,—,—,—,mg/m3 (R) — DSEN; A3; BEI Varies Pulm Function; Pulmonary ﬁ brosis Iodine and Iodides (2022) Thyroid & maternal repro Effects; fetal & neonatal Damage,"ปอด, ต่อมไทรอยด์, ระบบสืบพันธุ์",,,,,,Spirometry (สมรรถภาพปอด)
"Iodine, as I (as I)",7553-56-2,—,—,—,—,—,mg/m3 (I) — Skin; A4,ผิวหนัง,,,,,,Physical Examination (ตรวจร่างกายทั่วไป)
Iodoform (as elemental),75-47-8,0.001,ppm,IFV,—,Iodine | Skin (Danger of cutaneous absorption) | A4 (Not Classifiable),Thyroid Effects; fetal/neonatal Damage,ต่อมไทรอยด์,,,,,,Physical Examination (ตรวจร่างกายทั่วไป)
Iron oxide (Fe2O3),1309-37-1,5,mg/m3,R,—,A4 (Not Classifiable),Pneumoconiosis,—,,,,,,CXR (เอกซเรย์ปอด)
Iron pentacarbonyl (as Fe),13463-40-6,0.1,ppm,0.2,ppm,—,"Pulm edema; CNS Impairment Iron salts, soluble, as Fe (1990) 1 mg/m3 — — Varies URT & skin Irritation","ผิวหนัง, ทางเดินหายใจส่วนบน, ปอด, ระบบประสาทส่วนกลาง",,,,,,Spirometry (สมรรถภาพปอด)
Isoamyl alcohol,123-51-3,100,ppm,125,ppm,—,Eye & URT Irritation TLV–CS 42 — Adopted Values,"ดวงตา, ทางเดินหายใจส่วนบน",,,,,,Spirometry (สมรรถภาพปอด)
Isobutanol,78-83-1,50,ppm,—,—,—,Skin & eye Irritation,"ดวงตา, ผิวหนัง",,,,,,Physical Examination (ตรวจร่างกายทั่วไป)
Isobutyl nitrite,542-56-3,—,—,C,—,A3 (Animal Carcinogen) | BEI (BEI available),Methemoglobinemia; vasodilation,—,,,,,,CBC (ความสมบูรณ์ของเม็ดเลือด)
Isoﬂ urane,26675-46-7,50,ppm,—,—,A4 (Not Classifiable),Embryo/fetal Damage; maternal body weight Effects; CNS Impairment; cognitive decrements,ระบบประสาทส่วนกลาง,,,,,,Physical Examination (ตรวจร่างกายทั่วไป)
Isooctyl alcohol,26952-21-6,50,ppm,—,—,Skin (Danger of cutaneous absorption),URT Irritation,ทางเดินหายใจส่วนบน,,,,,,Spirometry (สมรรถภาพปอด)
Isophorone,78-59-1,—,—,C,—,A3 (Animal Carcinogen),Eye & URT Irritation; CNS Impairment; malaise; fatigue,"ดวงตา, ทางเดินหายใจส่วนบน, ระบบประสาทส่วนกลาง",,,,,,Spirometry (สมรรถภาพปอด)
Isophorone diisocyanate,4098-71-9,0.005,ppm,—,—,—,Resp Sensitization,—,,,,,,Physical Examination (ตรวจร่างกายทั่วไป)
2-Isopropoxyethanol,109-59-1,25,ppm,—,—,Skin (Danger of cutaneous absorption),Hematologic Effects,ระบบทางเดินอาหาร,,,,,,Physical Examination (ตรวจร่างกายทั่วไป)
Isopropylamine,75-31-0,2,ppm,5,ppm,Skin (Danger of cutaneous absorption),URT & ocular Irritation; visual Impairment,ทางเดินหายใจส่วนบน,,,,,,Spirometry (สมรรถภาพปอด)
N-Isopropylaniline,768-52-5,2,ppm,—,—,Skin (Danger of cutaneous absorption) | BEI (BEI available),Methemoglobinemia,—,,,,,,CBC (ความสมบูรณ์ของเม็ดเลือด)
Isopropyl ether,108-20-3,20,ppm,—,—,A4 (Not Classifiable),Embryo/fetal Damage; body weight Effects,—,,,,,,Physical Examination (ตรวจร่างกายทั่วไป)
Isopropyl glycidyl ether,4016-14-2,50,ppm,75,ppm,—,URT & eye Irritation; dermatitis,"ดวงตา, ทางเดินหายใจส่วนบน",,,,,,Spirometry (สมรรถภาพปอด)
Kaolin,1332-58-7,—,—,—,—,—,"2 mg/m3 (E,R) — A4 — Pneumoconiosis",—,,,,,,CXR (เอกซเรย์ปอด)
Kerosene (as total),8008-20-6; 64742-81-0,—,—,—,—,—,hydrocarbon vapor (2003) 200 mg/m3 (P) — Skin; A3 Varies Skin & URT Irritation; CNS Impairment TLV–CS,"ผิวหนัง, ทางเดินหายใจส่วนบน, ระบบประสาทส่วนกลาง",,,,,,Spirometry (สมรรถภาพปอด)
Ketene,463-51-4,—,—,C,—,—,Lung Damage; Pulmonary edema; URT & eye Irritation,"ดวงตา, ทางเดินหายใจส่วนบน, ปอด",,,,,,Spirometry (สมรรถภาพปอด)
Lead (as Pb),7439-92-1,0.05,mg/m3,—,—,A3 (Animal Carcinogen) | BEI (BEI available),Varies CNS & PNS Impairment; hematologic Effects,"ระบบประสาทส่วนกลาง, ระบบประสาทส่วนปลาย, ระบบทางเดินอาหาร",Lead in blood,Blood,Not critical,200,μg/L,Biological Monitoring (ตรวจสารชีวภาพ BEI)
Lead chromate (as Cr),7758-97-6,0.0002,mg/m3,I,—,VI | DSEN (Dermal Sensitizer) | RSEN (Respiratory Sensitizer) | A1 (Confirmed Human Carcinogen) | BEI (BEI available) | Lung | sinonasal | cancer | resp | tract | irr | asthma | Limonene | all | isomers,URT & LRT Irritation & in ﬂ am,"ทางเดินหายใจส่วนบน, ทางเดินหายใจส่วนล่าง",,,,,,Spirometry (สมรรถภาพปอด)
Lindane,58-89-9,0.5,mg/m3,—,—,Skin (Danger of cutaneous absorption) | A3 (Animal Carcinogen),Liver Damage; CNS Impairment,"ตับ, ระบบประสาทส่วนกลาง",,,,,,LFT (การทำงานของตับ)
Lithium hydride,7580-67-8,—,—,C,—,mg/,Eye & resp tract Irritation,ดวงตา,,,,,,Physical Examination (ตรวจร่างกายทั่วไป)
L.P.G. (Liqueﬁ ed petroleum gas),68476-85-7,—,—,—,—,—,"See Appendix F: Minimal Oxygen Content (D, EX) — Asphyxia",—,,,,,,Physical Examination (ตรวจร่างกายทั่วไป)
Magnesium oxide,1309-48-4,10,mg/m3,I,—,A4 (Not Classifiable),URT; metal fume fever,ทางเดินหายใจส่วนบน,,,,,,Spirometry (สมรรถภาพปอด)
Malathion,121-75-5,1,mg/m3,IFV,—,Skin (Danger of cutaneous absorption) | A3 (Animal Carcinogen) | BEI (BEI available),Cholinesterase Inhibition,—,,,,,,Physical Examination (ตรวจร่างกายทั่วไป)
Maleic anhydride,108-31-6,0.01,mg/m3,IFV,—,DSEN (Dermal Sensitizer) | RSEN (Respiratory Sensitizer) | A4 (Not Classifiable),Resp Sensitization,—,,,,,,Spirometry (สมรรถภาพปอด)
Manganese (as Mn),7439-96-5,0.02,mg/m3,R,—,A4 (Not Classifiable),Varies CNS Impairment TLV–CS 44 — Adopted Values Manganese cyclopentadienyl tricarbonyl,ระบบประสาทส่วนกลาง,,,,,,Physical Examination (ตรวจร่างกายทั่วไป)
 (as Mn),12079-65-1,0.1,mg/m3,—,—,Skin (Danger of cutaneous absorption),Skin Irritation; CNS Impairment,"ผิวหนัง, ระบบประสาทส่วนกลาง",,,,,,Physical Examination (ตรวจร่างกายทั่วไป)
Mercury (as Hg),7439-97-6,—,—,—,—,—,mg/m3 0.03 mg/m3 Skin Varies CNS & PNS Impairment; kidney Damage,"ผิวหนัง, ไต, ระบบประสาทส่วนกลาง, ระบบประสาทส่วนปลาย",Mercury in urine,Urine,Prior to shift,20,μg/g,"BUN/Cr (การทำงานของไต), Biological Monitoring (ตรวจสารชีวภาพ BEI)"
Mercury (as Hg),7439-97-6,—,—,—,—,—,Aryl compounds 0.1 mg/m3 — Skin Varies CNS Impairment; kidney Damage Elemental and inorganic forms 0.025 mg/m3 — Skin; A4; BEI Varies CNS Impairment; kidney Damage,"ผิวหนัง, ไต, ระบบประสาทส่วนกลาง",Mercury in urine,Urine,Prior to shift,20,μg/g,"BUN/Cr (การทำงานของไต), Biological Monitoring (ตรวจสารชีวภาพ BEI)"
Mesityl oxide,141-79-7,1,ppm,—,—,—,Body weight Effects; URT Irritation & in ﬂ am- mation,ทางเดินหายใจส่วนบน,,,,,,Spirometry (สมรรถภาพปอด)
Methacrylic acid,79-41-4,20,ppm,—,—,—,Skin & eye Irritation,"ดวงตา, ผิวหนัง",,,,,,Physical Examination (ตรวจร่างกายทั่วไป)
Methane,74-82-8,—,—,—,—,See | Appendix | F: | Minimal | Oxygen | Content | EX,Asphyxia,—,,,,,,Physical Examination (ตรวจร่างกายทั่วไป)
Methanol,67-56-1,200,ppm,250,ppm,Skin (Danger of cutaneous absorption) | BEI (BEI available),Headache; eye Damage; dizziness; nausea,ดวงตา,Methanol in urine,Urine,End of shift,15,mg/L,Biological Monitoring (ตรวจสารชีวภาพ BEI)
Methomyl,16752-77-5,0.2,mg/m3,IFV,—,Skin (Danger of cutaneous absorption) | A4 (Not Classifiable) | BEI (BEI available),Cholinesterase Inhibition; male repro Damage; hematologic Effects,"ระบบสืบพันธุ์, ระบบทางเดินอาหาร",,,,,,Physical Examination (ตรวจร่างกายทั่วไป)
Methoxychlor,72-43-5,10,mg/m3,—,—,A4 (Not Classifiable),Liver Damage; CNS Impairment,"ตับ, ระบบประสาทส่วนกลาง",,,,,,LFT (การทำงานของตับ)
2-Methoxyethanol,109-86-4,0.1,ppm,—,—,Skin (Danger of cutaneous absorption) | BEI (BEI available),Hematologic & repro Effects TLV–CS,"ระบบสืบพันธุ์, ระบบทางเดินอาหาร",,,,,,Physical Examination (ตรวจร่างกายทั่วไป)
2-Methoxyethyl acetate,110-49-6,0.1,ppm,—,—,Skin (Danger of cutaneous absorption) | BEI (BEI available),Hematologic & repro Effects,"ระบบสืบพันธุ์, ระบบทางเดินอาหาร",2-Methoxyacetic acid in urine,Urine,End of shift,at,end,Biological Monitoring (ตรวจสารชีวภาพ BEI)
4-Methoxyphenol,150-76-5,5,mg/m3,—,—,—,Eye Irritation; skin Damage,"ดวงตา, ผิวหนัง",,,,,,Physical Examination (ตรวจร่างกายทั่วไป)
1-Methoxy-2-propanol,107-98-2,50,ppm,100,ppm,A4 (Not Classifiable),Eye & URT Irritation,"ดวงตา, ทางเดินหายใจส่วนบน",,,,,,Spirometry (สมรรถภาพปอด)
Methyl acetate,79-20-9,200,ppm,250,ppm,—,Headache; dizziness; nausea; eye Damage (degeneration of ganglion cells in the retina),ดวงตา,,,,,,Physical Examination (ตรวจร่างกายทั่วไป)
Methylacetylene,74-99-7,ppm,(EX),—,—,—,CNS Impairment,ระบบประสาทส่วนกลาง,,,,,,Physical Examination (ตรวจร่างกายทั่วไป)
Methylacetylene-propadiene mixture,59355-75-8,ppm,(EX),ppm,(EX),—,CNS Impairment,ระบบประสาทส่วนกลาง,,,,,,Physical Examination (ตรวจร่างกายทั่วไป)
Methyl acrylate,96-33-3,2,ppm,—,—,Skin (Danger of cutaneous absorption) | DSEN (Dermal Sensitizer) | A4 (Not Classifiable),"Eye, skin, & URT Irritation; eye Damage","ดวงตา, ผิวหนัง, ทางเดินหายใจส่วนบน",,,,,,Spirometry (สมรรถภาพปอด)
Methylacrylonitrile,126-98-7,1,ppm,—,—,Skin (Danger of cutaneous absorption) | A4 (Not Classifiable),CNS Impairment; eye & skin Irritation,"ดวงตา, ผิวหนัง, ระบบประสาทส่วนกลาง",,,,,,Physical Examination (ตรวจร่างกายทั่วไป)
Methylal,109-87-5,ppm,—,—,—,—,Eye Irritation; CNS Impairment,"ดวงตา, ระบบประสาทส่วนกลาง",,,,,,Physical Examination (ตรวจร่างกายทั่วไป)
Methylamine,74-89-5,5,ppm,15,ppm,—,"Eye, skin, & URT Irritation*","ดวงตา, ผิวหนัง, ทางเดินหายใจส่วนบน",,,,,,Spirometry (สมรรถภาพปอด)
Methyl-n-amyl ketone,110-43-0,50,ppm,—,—,—,Body weight Effects after repeated inha- lation exposure; eye & skin Irritation,"ดวงตา, ผิวหนัง",,,,,,Physical Examination (ตรวจร่างกายทั่วไป)
N-Methylaniline,100-61-8,0.5,ppm,—,—,Skin (Danger of cutaneous absorption) | BEI (BEI available),Methemoglobinemia; CNS Impairment,ระบบประสาทส่วนกลาง,,,,,,CBC (ความสมบูรณ์ของเม็ดเลือด)
2-Methyl-2-butene,513-35-9,10,ppm,—,—,—,Clastogenic Effects TLV–CS 46 — Adopted Values,—,,,,,,Physical Examination (ตรวจร่างกายทั่วไป)
Methyl bromide,74-83-9,1,ppm,—,—,Skin (Danger of cutaneous absorption) | A4 (Not Classifiable),URT & skin Irritation,"ผิวหนัง, ทางเดินหายใจส่วนบน",,,,,,Spirometry (สมรรถภาพปอด)
Methyl tert-butyl ether,1634-04-4,50,ppm,—,—,A3 (Animal Carcinogen),URT Irritation; kidney Damage,"ทางเดินหายใจส่วนบน, ไต",,,,,,"Spirometry (สมรรถภาพปอด), BUN/Cr (การทำงานของไต)"
Methyl n-butyl ketone,591-78-6,5,ppm,10,ppm,Skin (Danger of cutaneous absorption),Peripheral neuropathy; testicular Damage,"ระบบประสาท, อัณฑะ",,,,,,Physical Examination (ตรวจร่างกายทั่วไป)
Methyl chloride,74-87-3,50,ppm,100,ppm,Skin (Danger of cutaneous absorption) | A4 (Not Classifiable),"CNS Impairment; liver, kidney, & testicular Damage; teratogenic Effects","ตับ, ไต, ระบบประสาทส่วนกลาง, อัณฑะ",,,,,,"LFT (การทำงานของตับ), BUN/Cr (การทำงานของไต)"
Methyl chloroform,71-55-6,350,ppm,450,ppm,A4 (Not Classifiable) | BEI (BEI available),CNS Impairment; liver Damage,"ตับ, ระบบประสาทส่วนกลาง",Methyl chloroform in end-exhaled air | Methyl chloroform in urine,อื่นๆ | Urine,Prior to shift | End of shift,at | 700,end | μg/L,"LFT (การทำงานของตับ), Biological Monitoring (ตรวจสารชีวภาพ BEI)"
Methylcyclohexane,108-87-2,100,ppm,—,—,—,Kidney Damage,ไต,,,,,,BUN/Cr (การทำงานของไต)
Methylcyclohexanol,25639-42-3,50,ppm,—,—,URT | eye | irr | Methylcyclohexanone | all | isomers,Liver Effects; CNS Impairment 2-Methylcyclopentadienyl manganese tricarbonyl,"ตับ, ระบบประสาทส่วนกลาง",,,,,,LFT (การทำงานของตับ)
 (as Mn),12108-13-3,0.2,mg/m3,—,—,Skin (Danger of cutaneous absorption),"CNS Impairment; lung, liver, & kidney Damage","ปอด, ตับ, ไต, ระบบประสาทส่วนกลาง",,,,,,"LFT (การทำงานของตับ), BUN/Cr (การทำงานของไต)"
Methyl demeton,8022-00-2,0.05,mg/m3,IFV,—,Skin (Danger of cutaneous absorption) | BEI (BEI available),Cholinesterase Inhibition,—,,,,,,Physical Examination (ตรวจร่างกายทั่วไป)
Methylene bisphenyl isocyanate,101-68-8,0.005,ppm,—,—,—,"Resp Sensitization 4,4′-Methylene bis(2-chloroaniline)",—,,,,,,Physical Examination (ตรวจร่างกายทั่วไป)
,101-14-4,0.01,ppm,IFV,—,Skin (Danger of cutaneous absorption) | A2 (Suspected Human Carcinogen) | BEI (BEI available),Bladder cancer; Methemoglobinemia TLV–CS Methylene bis(4-cyclohexylisocyanate),—,Total MBOCA in urine,Urine,End of shift,—,Nq,"CBC (ความสมบูรณ์ของเม็ดเลือด), Biological Monitoring (ตรวจสารชีวภาพ BEI)"
,5124-30-1,0.005,ppm,—,—,—,Resp Sensitization; LRT Irritation,ทางเดินหายใจส่วนล่าง,,,,,,Spirometry (สมรรถภาพปอด)
"4,4′-Methylenedianiline",101-77-9,0.1,ppm,—,—,Skin (Danger of cutaneous absorption) | A3 (Animal Carcinogen),Liver Damage,ตับ,,,,,,LFT (การทำงานของตับ)
Methyl ethyl ketone,78-93-3,75,ppm,150,ppm,Skin (Danger of cutaneous absorption) | BEI (BEI available),Embryo/fetal Damage; URT Irritation; head- ache; dizziness,ทางเดินหายใจส่วนบน,Methyl ethyl ketone in urine,Urine,End of shift,2,mg/L,"Spirometry (สมรรถภาพปอด), Biological Monitoring (ตรวจสารชีวภาพ BEI)"
Methyl ethyl ketone peroxide,1338-23-4,—,—,C,—,—,Eye & skin Irritation; liver & kidney Damage,"ดวงตา, ผิวหนัง, ตับ, ไต",,,,,,"LFT (การทำงานของตับ), BUN/Cr (การทำงานของไต)"
Methyl formate,107-31-3,50,ppm,100,ppm,Skin (Danger of cutaneous absorption),CNS Impairment; URT Irritation; eye Damage,"ดวงตา, ทางเดินหายใจส่วนบน, ระบบประสาทส่วนกลาง",,,,,,Spirometry (สมรรถภาพปอด)
Methylhydrazine,60-34-4,0.01,ppm,—,—,Skin (Danger of cutaneous absorption) | A3 (Animal Carcinogen),URT & eye Irritation; lung cancer; liver Damage,"ดวงตา, ทางเดินหายใจส่วนบน, ปอด, ตับ",,,,,,"CXR (เอกซเรย์ปอด), Spirometry (สมรรถภาพปอด), LFT (การทำงานของตับ)"
2-Methylimidazole,693-98-1,0.1,mg/m3,I,—,A3 (Animal Carcinogen),Thyroid; cancer; repro,"ต่อมไทรอยด์, ระบบสืบพันธุ์",,,,,,Physical Examination (ตรวจร่างกายทั่วไป)
4-Methylimidazole,822-36-6,0.2,mg/m3,I,—,A3 (Animal Carcinogen),Cancer; liver Effects; male & female repro,"ตับ, ระบบสืบพันธุ์",,,,,,LFT (การทำงานของตับ)
Methyl iodide,74-88-4,2,ppm,—,—,Skin (Danger of cutaneous absorption),Eye Damage; CNS Impairment,"ดวงตา, ระบบประสาทส่วนกลาง",,,,,,Physical Examination (ตรวจร่างกายทั่วไป)
Methyl isoamyl ketone,110-12-3,20,ppm,50,ppm,—,CNS Impairment; URT Irritation,"ทางเดินหายใจส่วนบน, ระบบประสาทส่วนกลาง",,,,,,Spirometry (สมรรถภาพปอด)
Methyl isobutyl carbinol,108-11-2,20,ppm,40,ppm,—,URT & eye Irritation; dizziness; headache,"ดวงตา, ทางเดินหายใจส่วนบน",,,,,,Spirometry (สมรรถภาพปอด)
Methyl isobutyl ketone,108-10-1,20,ppm,75,ppm,A3 (Animal Carcinogen) | BEI (BEI available),URT Irritation; dizziness; headache,ทางเดินหายใจส่วนบน,Methyl isobutyl ketone in urine,Urine,End of shift,1,mg/L,"Spirometry (สมรรถภาพปอด), Biological Monitoring (ตรวจสารชีวภาพ BEI)"
Methyl isocyanate,624-83-9,0.02,ppm,0.06,ppm,Skin (Danger of cutaneous absorption) | DSEN (Dermal Sensitizer),URT & eye Irritation,"ดวงตา, ทางเดินหายใจส่วนบน",,,,,,Spirometry (สมรรถภาพปอด)
Methyl isopropyl ketone,563-80-4,20,ppm,—,—,—,Embryo/fetal Damage; neonatal toxicity TLV–CS 48 — Adopted Values,—,,,,,,Physical Examination (ตรวจร่างกายทั่วไป)
Methyl mercaptan,74-93-1,0.5,ppm,—,—,—,Liver Damage,ตับ,,,,,,LFT (การทำงานของตับ)
Methyl methacrylate,80-62-6,50,ppm,100,ppm,DSEN (Dermal Sensitizer) | A4 (Not Classifiable) | URT | eye | irr | body | weight | eff | pulm | edema | Methylnaphthalene | all | isomers | SL | Skin (Danger of cutaneous absorption),URT Irritation; lung Damage; live Effects,"ทางเดินหายใจส่วนบน, ปอด",,,,,,Spirometry (สมรรถภาพปอด)
Methyl parathion,298-00-0,0.02,mg/m3,IFV,—,Skin (Danger of cutaneous absorption) | A4 (Not Classifiable) | BEI (BEI available),Cholinesterase Inhibition,—,,,,,,Physical Examination (ตรวจร่างกายทั่วไป)
Methyl propyl ketone,107-87-9,—,—,150,ppm,—,Pulm Function; eye Irritation,"ดวงตา, ปอด",,,,,,Spirometry (สมรรถภาพปอด)
Methyl silicate,681-84-5,1,ppm,—,—,—,URT Irritation; eye Damage,"ดวงตา, ทางเดินหายใจส่วนบน",,,,,,Spirometry (สมรรถภาพปอด)
α-Methylstyrene,98-83-9,10,ppm,—,—,A3 (Animal Carcinogen) | URT | irr | kidney | female | repro | dam | Methyltetrahydrophthalic | anhydride | isomers | SL | Skin (Danger of cutaneous absorption) | DSEN (Dermal Sensitizer) | RSEN (Respiratory Sensitizer),Resp Sensitization,—,,,,,,Spirometry (สมรรถภาพปอด)
Methyl vinyl ketone,78-94-4,—,—,C,—,—,Upper resp Damage; leukopenia,—,,,,,,Physical Examination (ตรวจร่างกายทั่วไป)
Metribuzin,21087-64-9,1,mg/m3,I,—,A4 (Not Classifiable),Liver Effects; decreased body weight,ตับ,,,,,,LFT (การทำงานของตับ)
Mevinphos,7786-34-7,0.01,mg/m3,IFV,—,Skin (Danger of cutaneous absorption) | A4 (Not Classifiable) | BEI (BEI available),Cholinesterase Inhibition,—,,,,,,Physical Examination (ตรวจร่างกายทั่วไป)
Mica (as Mo),12001-26-2,—,—,—,—,and | various],mg/m3 (R) — A3 — Lung Damage; pneumoconiosis,ปอด,,,,,,CXR (เอกซเรย์ปอด)
Monochloroacetic acid,79-11-8,0.5,ppm,IFV,—,Skin (Danger of cutaneous absorption) | A4 (Not Classifiable),URT Irritation,ทางเดินหายใจส่วนบน,,,,,,Spirometry (สมรรถภาพปอด)
Monocrotophos,6923-22-4,0.05,mg/m3,IFV,—,Skin (Danger of cutaneous absorption) | A4 (Not Classifiable) | BEI (BEI available),Cholinesterase Inhibition,—,,,,,,Physical Examination (ตรวจร่างกายทั่วไป)
Monomethylformamide,123-39-7,1,ppm,—,—,Skin (Danger of cutaneous absorption),Embryo/fetal & liver Damage; teratogenic Effects,ตับ,,,,,,LFT (การทำงานของตับ)
Morpholine,110-91-8,20,ppm,—,—,Skin (Danger of cutaneous absorption) | A4 (Not Classifiable),Eye Damage; URT Irritation,"ดวงตา, ทางเดินหายใจส่วนบน",,,,,,Spirometry (สมรรถภาพปอด)
Naled,300-76-5,0.1,mg/m3,IFV,—,Skin (Danger of cutaneous absorption) | DSEN (Dermal Sensitizer) | A4 (Not Classifiable) | BEIC,Cholinesterase Inhibition,—,,,,,,Physical Examination (ตรวจร่างกายทั่วไป)
Naphthalene,91-20-3,10,ppm,—,—,Skin (Danger of cutaneous absorption) | A3 (Animal Carcinogen) | BEI (BEI available),URT Irritation; cataracts; hemolytic anemia,ทางเดินหายใจส่วนบน,1-Naphthol + 2-Naphthol,อื่นๆ,End of shift,—,"Nq,","Spirometry (สมรรถภาพปอด), CBC (ความสมบูรณ์ของเม็ดเลือด), Biological Monitoring (ตรวจสารชีวภาพ BEI)"
β-Naphthylamine,91-59-8,—,—,—,—,A1 (Confirmed Human Carcinogen),Bladder cancer,—,,,,,,Physical Examination (ตรวจร่างกายทั่วไป)
Natural gas,8006-14-2,—,—,—,—,—,"See Appendix F: Minimal Oxygen Content (D, EX) — Asphyxia TLV–CS 50 — Adopted Values",—,,,,,,Physical Examination (ตรวจร่างกายทั่วไป)
Natural rubber latex (as inhalable),9006-04-6,—,—,—,—,allergenic | proteins,mg/m3 (I) — Skin; DSEN; RSEN Varies Resp Sensitization,ผิวหนัง,,,,,,Physical Examination (ตรวจร่างกายทั่วไป)
Neon,7440-01-9,—,—,—,—,See | Appendix | F: | Minimal | Oxygen | Content,Asphyxia,—,,,,,,Physical Examination (ตรวจร่างกายทั่วไป)
Nickel (as Ni),7440-02-0,—,—,—,—,—,(1998),—,,,,,,Physical Examination (ตรวจร่างกายทั่วไป)
Elemental,7440-02-0,1.5,mg/m3,I,—,A5 (Not Suspected) | BEI (BEI available),Dermatitis; pneumoconiosis Soluble inorganic compounds (NOS) 0.1 mg/m3 (I) — A4; BEI Varies Lung Damage; nasal cancer Insoluble inorganic compounds (NOS) 0.2 mg/m3 (I) — A1; BEI Varies Lung cancer,ปอด,,,,,,CXR (เอกซเรย์ปอด)
Nickel subsulﬁ de (as Ni),12035-72-2,0.1,mg/m3,I,—,A1 (Confirmed Human Carcinogen) | BEI (BEI available),Lung cancer,ปอด,,,,,,CXR (เอกซเรย์ปอด)
Nickel carbonyl (as Ni),13463-39-3,—,—,C,—,A3 (Animal Carcinogen),Lung Irritation,ปอด,,,,,,Physical Examination (ตรวจร่างกายทั่วไป)
Nicotine,54-11-5,0.002,ppm,IFV,—,SL | Skin (Danger of cutaneous absorption) | A4 (Not Classifiable) | BEI (BEI available),Cardiovascular Effects; CNS Impairment; GI disturbances,"ระบบประสาทส่วนกลาง, หัวใจ, ระบบทางเดินอาหาร",,,,,,EKG (คลื่นไฟฟ้าหัวใจ)
Nitrapyrin,1929-82-4,10,mg/m3,IFV,—,A4 (Not Classifiable),Liver Damage,ตับ,,,,,,LFT (การทำงานของตับ)
Nitric acid,7697-37-2,ppm,ppm),—,—,—,(URT & eye Irritation; dental erosion) ( ),"ดวงตา, ทางเดินหายใจส่วนบน",,,,,,Spirometry (สมรรถภาพปอด)
Nitric oxide,10102-43-9,25,ppm,—,—,BEI (BEI available),Hypoxia/cyanosis; nitrosyl-Hb form; URT Irritation,ทางเดินหายใจส่วนบน,,,,,,Spirometry (สมรรถภาพปอด)
p-Nitroaniline,100-01-6,3,mg/m3,—,—,Skin (Danger of cutaneous absorption) | A4 (Not Classifiable) | BEI (BEI available),Methemoglobinemia; liver Damage; eye Irritation TLV–CS,"ดวงตา, ตับ",,,,,,"CBC (ความสมบูรณ์ของเม็ดเลือด), LFT (การทำงานของตับ)"
Nitrobenzene,98-95-3,1,ppm,—,—,Skin (Danger of cutaneous absorption) | A3 (Animal Carcinogen) | BEI (BEI available),Methemoglobinemia,—,,,,,,CBC (ความสมบูรณ์ของเม็ดเลือด)
p-Nitrochlorobenzene,100-00-5,0.1,ppm,—,—,Skin (Danger of cutaneous absorption) | A3 (Animal Carcinogen) | BEI (BEI available),Methemoglobinemia,—,,,,,,CBC (ความสมบูรณ์ของเม็ดเลือด)
4-Nitrodiphenyl,92-93-3,—,—,—,—,Skin (Danger of cutaneous absorption) | A2 (Suspected Human Carcinogen),Bladder cancer,—,,,,,,Physical Examination (ตรวจร่างกายทั่วไป)
Nitroethane,79-24-3,100,ppm,—,—,—,URT Irritation; CNS Impairment; liver Damage,"ทางเดินหายใจส่วนบน, ตับ, ระบบประสาทส่วนกลาง",,,,,,"Spirometry (สมรรถภาพปอด), LFT (การทำงานของตับ)"
Nitrogen,7727-37-9,—,—,—,—,See | Appendix | F: | Minimal | Oxygen | Content,Asphyxia,—,,,,,,Physical Examination (ตรวจร่างกายทั่วไป)
Nitrogen dioxide,10102-44-0,0.2,ppm,—,—,A4 (Not Classifiable),LRT Irritation,ทางเดินหายใจส่วนล่าง,,,,,,Spirometry (สมรรถภาพปอด)
Nitrogen triﬂ uoride,7783-54-2,10,ppm,—,—,BEI (BEI available),Methemoglobinemia; liver & kidney Damage,"ตับ, ไต",,,,,,"CBC (ความสมบูรณ์ของเม็ดเลือด), LFT (การทำงานของตับ), BUN/Cr (การทำงานของไต)"
Nitroglycerin,55-63-0,0.05,ppm,—,—,Skin (Danger of cutaneous absorption),Vasodilation,—,,,,,,Physical Examination (ตรวจร่างกายทั่วไป)
Nitromethane,75-52-5,20,ppm,—,—,A3 (Animal Carcinogen),Thyroid Effects; URT Irritation; lung Damage,"ทางเดินหายใจส่วนบน, ปอด, ต่อมไทรอยด์",,,,,,Spirometry (สมรรถภาพปอด)
1-Nitropropane,108-03-2,25,ppm,—,—,A4 (Not Classifiable),URT & eye Irritation; liver Damage,"ดวงตา, ทางเดินหายใจส่วนบน, ตับ",,,,,,"Spirometry (สมรรถภาพปอด), LFT (การทำงานของตับ)"
2-Nitropropane,79-46-9,10,ppm,—,—,A3 (Animal Carcinogen),Liver Damage; liver cancer,ตับ,,,,,,LFT (การทำงานของตับ)
N-Nitrosodimethylamine,62-75-9,—,—,—,—,Skin (Danger of cutaneous absorption) | A3 (Animal Carcinogen),Liver & kidney cancer; liver Damage,"ตับ, ไต",,,,,,"LFT (การทำงานของตับ), BUN/Cr (การทำงานของไต)"
"Nitrotoluene, isomers",88-72-2; 99-08-1; 99-99-0,2,ppm,—,—,Skin (Danger of cutaneous absorption) | BEI (BEI available),Methemoglobinemia,—,,,,,,CBC (ความสมบูรณ์ของเม็ดเลือด)
5-Nitro-o-toluidine,99-55-8,1,mg/m3,IFV,—,A3 (Animal Carcinogen),Liver Damage TLV–CS 52 — Adopted Values,ตับ,,,,,,LFT (การทำงานของตับ)
Nitrous oxide,10024-97-2,50,ppm,—,—,A4 (Not Classifiable),CNS Impairment; hematologic Effects; embryo/fetal Damage,"ระบบประสาทส่วนกลาง, ระบบทางเดินอาหาร",,,,,,Physical Examination (ตรวจร่างกายทั่วไป)
Nonane,111-84-2,200,ppm,—,—,—,CNS Impairment,ระบบประสาทส่วนกลาง,,,,,,Physical Examination (ตรวจร่างกายทั่วไป)
Octachloronaphthalene,2234-13-1,0.1,mg/m3,0.3,mg/m3,Skin (Danger of cutaneous absorption),Liver Damage,ตับ,,,,,,LFT (การทำงานของตับ)
Octane,111-65-9,300,ppm,—,—,all | isomers,URT Irritation,ทางเดินหายใจส่วนบน,,,,,,Spirometry (สมรรถภาพปอด)
Osmium tetroxide (as Os),20816-12-0,0.0002,ppm,0.0006,ppm,—,"Eye, URT, & skin Irritation","ดวงตา, ผิวหนัง, ทางเดินหายใจส่วนบน",,,,,,Spirometry (สมรรถภาพปอด)
"Oxalic acid, anhydrous",144-62-7,—,—,—,—,—,and dihydrate,—,,,,,,Physical Examination (ตรวจร่างกายทั่วไป)
,6153-56-6,1,mg/m3,2,mg/m3,anhy,"(dihy) URT, eye, & skin Irritation","ดวงตา, ผิวหนัง, ทางเดินหายใจส่วนบน",,,,,,Spirometry (สมรรถภาพปอด)
"p,p′-Oxybis(benzenesulfonyl hydrazide)",80-51-3,0.1,mg/m3,I,—,—,Teratogenic Effects,—,,,,,,Physical Examination (ตรวจร่างกายทั่วไป)
Oxygen diﬂ uoride,7783-41-7,—,—,C,—,—,Headache; Pulmonary edema; URT Irritation,"ทางเดินหายใจส่วนบน, ปอด",,,,,,Spirometry (สมรรถภาพปอด)
Ozone,10028-15-6,48.00,—,0.05,ppm,Pulm | func | Heavy | work | A4 (Not Classifiable) | Moderate | Light | moderate | or | light | workloads | hours,ppm — A4,—,,,,,,Physical Examination (ตรวจร่างกายทั่วไป)
